Ligand_name	2B57^1
rna+HOH+metals-pymol.pdb#16:A#HB	0
rna+HOH+metals-pymol.pdb#16:A#HAL	0
rna+HOH+metals-pymol.pdb#16:A#CA	0
rna+HOH+metals-pymol.pdb#16:A#Pi_Cation	0
rna+HOH+metals-pymol.pdb#16:A#Pi_Anion	0
rna+HOH+metals-pymol.pdb#16:A#Pi_Stacking	0
rna+HOH+metals-pymol.pdb#16:A#Mg_mediated	0
rna+HOH+metals-pymol.pdb#16:A#K_mediated	0
rna+HOH+metals-pymol.pdb#16:A#Na_mediated	0
rna+HOH+metals-pymol.pdb#16:A#Other_mediated	0
rna+HOH+metals-pymol.pdb#16:A#Water_mediated	0
rna+HOH+metals-pymol.pdb#16:A#Lipophilic	0
rna+HOH+metals-pymol.pdb#17:A#HB	0
rna+HOH+metals-pymol.pdb#17:A#HAL	0
rna+HOH+metals-pymol.pdb#17:A#CA	0
rna+HOH+metals-pymol.pdb#17:A#Pi_Cation	0
rna+HOH+metals-pymol.pdb#17:A#Pi_Anion	0
rna+HOH+metals-pymol.pdb#17:A#Pi_Stacking	0
rna+HOH+metals-pymol.pdb#17:A#Mg_mediated	0
rna+HOH+metals-pymol.pdb#17:A#K_mediated	0
rna+HOH+metals-pymol.pdb#17:A#Na_mediated	0
rna+HOH+metals-pymol.pdb#17:A#Other_mediated	0
rna+HOH+metals-pymol.pdb#17:A#Water_mediated	0
rna+HOH+metals-pymol.pdb#17:A#Lipophilic	0
rna+HOH+metals-pymol.pdb#18:A#HB	0
rna+HOH+metals-pymol.pdb#18:A#HAL	0
rna+HOH+metals-pymol.pdb#18:A#CA	0
rna+HOH+metals-pymol.pdb#18:A#Pi_Cation	0
rna+HOH+metals-pymol.pdb#18:A#Pi_Anion	0
rna+HOH+metals-pymol.pdb#18:A#Pi_Stacking	0
rna+HOH+metals-pymol.pdb#18:A#Mg_mediated	0
rna+HOH+metals-pymol.pdb#18:A#K_mediated	0
rna+HOH+metals-pymol.pdb#18:A#Na_mediated	0
rna+HOH+metals-pymol.pdb#18:A#Other_mediated	0
rna+HOH+metals-pymol.pdb#18:A#Water_mediated	0
rna+HOH+metals-pymol.pdb#18:A#Lipophilic	0
rna+HOH+metals-pymol.pdb#19:A#HB	0
rna+HOH+metals-pymol.pdb#19:A#HAL	0
rna+HOH+metals-pymol.pdb#19:A#CA	0
rna+HOH+metals-pymol.pdb#19:A#Pi_Cation	0
rna+HOH+metals-pymol.pdb#19:A#Pi_Anion	0
rna+HOH+metals-pymol.pdb#19:A#Pi_Stacking	0
rna+HOH+metals-pymol.pdb#19:A#Mg_mediated	0
rna+HOH+metals-pymol.pdb#19:A#K_mediated	0
rna+HOH+metals-pymol.pdb#19:A#Na_mediated	0
rna+HOH+metals-pymol.pdb#19:A#Other_mediated	0
rna+HOH+metals-pymol.pdb#19:A#Water_mediated	0
rna+HOH+metals-pymol.pdb#19:A#Lipophilic	0
rna+HOH+metals-pymol.pdb#20:A#HB	0
rna+HOH+metals-pymol.pdb#20:A#HAL	0
rna+HOH+metals-pymol.pdb#20:A#CA	0
rna+HOH+metals-pymol.pdb#20:A#Pi_Cation	0
rna+HOH+metals-pymol.pdb#20:A#Pi_Anion	0
rna+HOH+metals-pymol.pdb#20:A#Pi_Stacking	0
rna+HOH+metals-pymol.pdb#20:A#Mg_mediated	0
rna+HOH+metals-pymol.pdb#20:A#K_mediated	0
rna+HOH+metals-pymol.pdb#20:A#Na_mediated	0
rna+HOH+metals-pymol.pdb#20:A#Other_mediated	0
rna+HOH+metals-pymol.pdb#20:A#Water_mediated	0
rna+HOH+metals-pymol.pdb#20:A#Lipophilic	0
rna+HOH+metals-pymol.pdb#21:A#HB	1
rna+HOH+metals-pymol.pdb#21:A#HAL	0
rna+HOH+metals-pymol.pdb#21:A#CA	0
rna+HOH+metals-pymol.pdb#21:A#Pi_Cation	0
rna+HOH+metals-pymol.pdb#21:A#Pi_Anion	0
rna+HOH+metals-pymol.pdb#21:A#Pi_Stacking	0
rna+HOH+metals-pymol.pdb#21:A#Mg_mediated	0
rna+HOH+metals-pymol.pdb#21:A#K_mediated	0
rna+HOH+metals-pymol.pdb#21:A#Na_mediated	0
rna+HOH+metals-pymol.pdb#21:A#Other_mediated	0
rna+HOH+metals-pymol.pdb#21:A#Water_mediated	0
rna+HOH+metals-pymol.pdb#21:A#Lipophilic	1
rna+HOH+metals-pymol.pdb#22:A#HB	1
rna+HOH+metals-pymol.pdb#22:A#HAL	0
rna+HOH+metals-pymol.pdb#22:A#CA	0
rna+HOH+metals-pymol.pdb#22:A#Pi_Cation	0
rna+HOH+metals-pymol.pdb#22:A#Pi_Anion	0
rna+HOH+metals-pymol.pdb#22:A#Pi_Stacking	0
rna+HOH+metals-pymol.pdb#22:A#Mg_mediated	0
rna+HOH+metals-pymol.pdb#22:A#K_mediated	0
rna+HOH+metals-pymol.pdb#22:A#Na_mediated	0
rna+HOH+metals-pymol.pdb#22:A#Other_mediated	0
rna+HOH+metals-pymol.pdb#22:A#Water_mediated	0
rna+HOH+metals-pymol.pdb#22:A#Lipophilic	1
rna+HOH+metals-pymol.pdb#23:A#HB	0
rna+HOH+metals-pymol.pdb#23:A#HAL	0
rna+HOH+metals-pymol.pdb#23:A#CA	0
rna+HOH+metals-pymol.pdb#23:A#Pi_Cation	0
rna+HOH+metals-pymol.pdb#23:A#Pi_Anion	0
rna+HOH+metals-pymol.pdb#23:A#Pi_Stacking	0
rna+HOH+metals-pymol.pdb#23:A#Mg_mediated	0
rna+HOH+metals-pymol.pdb#23:A#K_mediated	0
rna+HOH+metals-pymol.pdb#23:A#Na_mediated	0
rna+HOH+metals-pymol.pdb#23:A#Other_mediated	0
rna+HOH+metals-pymol.pdb#23:A#Water_mediated	0
rna+HOH+metals-pymol.pdb#23:A#Lipophilic	0
rna+HOH+metals-pymol.pdb#24:A#HB	0
rna+HOH+metals-pymol.pdb#24:A#HAL	0
rna+HOH+metals-pymol.pdb#24:A#CA	0
rna+HOH+metals-pymol.pdb#24:A#Pi_Cation	0
rna+HOH+metals-pymol.pdb#24:A#Pi_Anion	0
rna+HOH+metals-pymol.pdb#24:A#Pi_Stacking	0
rna+HOH+metals-pymol.pdb#24:A#Mg_mediated	0
rna+HOH+metals-pymol.pdb#24:A#K_mediated	0
rna+HOH+metals-pymol.pdb#24:A#Na_mediated	0
rna+HOH+metals-pymol.pdb#24:A#Other_mediated	0
rna+HOH+metals-pymol.pdb#24:A#Water_mediated	0
rna+HOH+metals-pymol.pdb#24:A#Lipophilic	0
rna+HOH+metals-pymol.pdb#25:A#HB	0
rna+HOH+metals-pymol.pdb#25:A#HAL	0
rna+HOH+metals-pymol.pdb#25:A#CA	0
rna+HOH+metals-pymol.pdb#25:A#Pi_Cation	0
rna+HOH+metals-pymol.pdb#25:A#Pi_Anion	0
rna+HOH+metals-pymol.pdb#25:A#Pi_Stacking	0
rna+HOH+metals-pymol.pdb#25:A#Mg_mediated	0
rna+HOH+metals-pymol.pdb#25:A#K_mediated	0
rna+HOH+metals-pymol.pdb#25:A#Na_mediated	0
rna+HOH+metals-pymol.pdb#25:A#Other_mediated	0
rna+HOH+metals-pymol.pdb#25:A#Water_mediated	0
rna+HOH+metals-pymol.pdb#25:A#Lipophilic	0
rna+HOH+metals-pymol.pdb#26:A#HB	0
rna+HOH+metals-pymol.pdb#26:A#HAL	0
rna+HOH+metals-pymol.pdb#26:A#CA	0
rna+HOH+metals-pymol.pdb#26:A#Pi_Cation	0
rna+HOH+metals-pymol.pdb#26:A#Pi_Anion	0
rna+HOH+metals-pymol.pdb#26:A#Pi_Stacking	0
rna+HOH+metals-pymol.pdb#26:A#Mg_mediated	0
rna+HOH+metals-pymol.pdb#26:A#K_mediated	0
rna+HOH+metals-pymol.pdb#26:A#Na_mediated	0
rna+HOH+metals-pymol.pdb#26:A#Other_mediated	0
rna+HOH+metals-pymol.pdb#26:A#Water_mediated	0
rna+HOH+metals-pymol.pdb#26:A#Lipophilic	0
rna+HOH+metals-pymol.pdb#27:A#HB	0
rna+HOH+metals-pymol.pdb#27:A#HAL	0
rna+HOH+metals-pymol.pdb#27:A#CA	0
rna+HOH+metals-pymol.pdb#27:A#Pi_Cation	0
rna+HOH+metals-pymol.pdb#27:A#Pi_Anion	0
rna+HOH+metals-pymol.pdb#27:A#Pi_Stacking	0
rna+HOH+metals-pymol.pdb#27:A#Mg_mediated	0
rna+HOH+metals-pymol.pdb#27:A#K_mediated	0
rna+HOH+metals-pymol.pdb#27:A#Na_mediated	0
rna+HOH+metals-pymol.pdb#27:A#Other_mediated	0
rna+HOH+metals-pymol.pdb#27:A#Water_mediated	0
rna+HOH+metals-pymol.pdb#27:A#Lipophilic	0
rna+HOH+metals-pymol.pdb#28:A#HB	0
rna+HOH+metals-pymol.pdb#28:A#HAL	0
rna+HOH+metals-pymol.pdb#28:A#CA	0
rna+HOH+metals-pymol.pdb#28:A#Pi_Cation	0
rna+HOH+metals-pymol.pdb#28:A#Pi_Anion	0
rna+HOH+metals-pymol.pdb#28:A#Pi_Stacking	0
rna+HOH+metals-pymol.pdb#28:A#Mg_mediated	0
rna+HOH+metals-pymol.pdb#28:A#K_mediated	0
rna+HOH+metals-pymol.pdb#28:A#Na_mediated	0
rna+HOH+metals-pymol.pdb#28:A#Other_mediated	0
rna+HOH+metals-pymol.pdb#28:A#Water_mediated	0
rna+HOH+metals-pymol.pdb#28:A#Lipophilic	0
rna+HOH+metals-pymol.pdb#29:A#HB	0
rna+HOH+metals-pymol.pdb#29:A#HAL	0
rna+HOH+metals-pymol.pdb#29:A#CA	0
rna+HOH+metals-pymol.pdb#29:A#Pi_Cation	0
rna+HOH+metals-pymol.pdb#29:A#Pi_Anion	0
rna+HOH+metals-pymol.pdb#29:A#Pi_Stacking	0
rna+HOH+metals-pymol.pdb#29:A#Mg_mediated	0
rna+HOH+metals-pymol.pdb#29:A#K_mediated	0
rna+HOH+metals-pymol.pdb#29:A#Na_mediated	0
rna+HOH+metals-pymol.pdb#29:A#Other_mediated	0
rna+HOH+metals-pymol.pdb#29:A#Water_mediated	0
rna+HOH+metals-pymol.pdb#29:A#Lipophilic	0
rna+HOH+metals-pymol.pdb#30:A#HB	0
rna+HOH+metals-pymol.pdb#30:A#HAL	0
rna+HOH+metals-pymol.pdb#30:A#CA	0
rna+HOH+metals-pymol.pdb#30:A#Pi_Cation	0
rna+HOH+metals-pymol.pdb#30:A#Pi_Anion	0
rna+HOH+metals-pymol.pdb#30:A#Pi_Stacking	0
rna+HOH+metals-pymol.pdb#30:A#Mg_mediated	0
rna+HOH+metals-pymol.pdb#30:A#K_mediated	0
rna+HOH+metals-pymol.pdb#30:A#Na_mediated	0
rna+HOH+metals-pymol.pdb#30:A#Other_mediated	0
rna+HOH+metals-pymol.pdb#30:A#Water_mediated	0
rna+HOH+metals-pymol.pdb#30:A#Lipophilic	0
rna+HOH+metals-pymol.pdb#31:A#HB	0
rna+HOH+metals-pymol.pdb#31:A#HAL	0
rna+HOH+metals-pymol.pdb#31:A#CA	0
rna+HOH+metals-pymol.pdb#31:A#Pi_Cation	0
rna+HOH+metals-pymol.pdb#31:A#Pi_Anion	0
rna+HOH+metals-pymol.pdb#31:A#Pi_Stacking	0
rna+HOH+metals-pymol.pdb#31:A#Mg_mediated	0
rna+HOH+metals-pymol.pdb#31:A#K_mediated	0
rna+HOH+metals-pymol.pdb#31:A#Na_mediated	0
rna+HOH+metals-pymol.pdb#31:A#Other_mediated	0
rna+HOH+metals-pymol.pdb#31:A#Water_mediated	0
rna+HOH+metals-pymol.pdb#31:A#Lipophilic	0
rna+HOH+metals-pymol.pdb#32:A#HB	0
rna+HOH+metals-pymol.pdb#32:A#HAL	0
rna+HOH+metals-pymol.pdb#32:A#CA	0
rna+HOH+metals-pymol.pdb#32:A#Pi_Cation	0
rna+HOH+metals-pymol.pdb#32:A#Pi_Anion	0
rna+HOH+metals-pymol.pdb#32:A#Pi_Stacking	0
rna+HOH+metals-pymol.pdb#32:A#Mg_mediated	0
rna+HOH+metals-pymol.pdb#32:A#K_mediated	0
rna+HOH+metals-pymol.pdb#32:A#Na_mediated	0
rna+HOH+metals-pymol.pdb#32:A#Other_mediated	0
rna+HOH+metals-pymol.pdb#32:A#Water_mediated	0
rna+HOH+metals-pymol.pdb#32:A#Lipophilic	0
rna+HOH+metals-pymol.pdb#33:A#HB	0
rna+HOH+metals-pymol.pdb#33:A#HAL	0
rna+HOH+metals-pymol.pdb#33:A#CA	0
rna+HOH+metals-pymol.pdb#33:A#Pi_Cation	0
rna+HOH+metals-pymol.pdb#33:A#Pi_Anion	0
rna+HOH+metals-pymol.pdb#33:A#Pi_Stacking	0
rna+HOH+metals-pymol.pdb#33:A#Mg_mediated	0
rna+HOH+metals-pymol.pdb#33:A#K_mediated	0
rna+HOH+metals-pymol.pdb#33:A#Na_mediated	0
rna+HOH+metals-pymol.pdb#33:A#Other_mediated	0
rna+HOH+metals-pymol.pdb#33:A#Water_mediated	0
rna+HOH+metals-pymol.pdb#33:A#Lipophilic	0
rna+HOH+metals-pymol.pdb#34:A#HB	0
rna+HOH+metals-pymol.pdb#34:A#HAL	0
rna+HOH+metals-pymol.pdb#34:A#CA	0
rna+HOH+metals-pymol.pdb#34:A#Pi_Cation	0
rna+HOH+metals-pymol.pdb#34:A#Pi_Anion	0
rna+HOH+metals-pymol.pdb#34:A#Pi_Stacking	0
rna+HOH+metals-pymol.pdb#34:A#Mg_mediated	0
rna+HOH+metals-pymol.pdb#34:A#K_mediated	0
rna+HOH+metals-pymol.pdb#34:A#Na_mediated	0
rna+HOH+metals-pymol.pdb#34:A#Other_mediated	0
rna+HOH+metals-pymol.pdb#34:A#Water_mediated	0
rna+HOH+metals-pymol.pdb#34:A#Lipophilic	0
rna+HOH+metals-pymol.pdb#35:A#HB	0
rna+HOH+metals-pymol.pdb#35:A#HAL	0
rna+HOH+metals-pymol.pdb#35:A#CA	0
rna+HOH+metals-pymol.pdb#35:A#Pi_Cation	0
rna+HOH+metals-pymol.pdb#35:A#Pi_Anion	0
rna+HOH+metals-pymol.pdb#35:A#Pi_Stacking	0
rna+HOH+metals-pymol.pdb#35:A#Mg_mediated	0
rna+HOH+metals-pymol.pdb#35:A#K_mediated	0
rna+HOH+metals-pymol.pdb#35:A#Na_mediated	0
rna+HOH+metals-pymol.pdb#35:A#Other_mediated	0
rna+HOH+metals-pymol.pdb#35:A#Water_mediated	0
rna+HOH+metals-pymol.pdb#35:A#Lipophilic	0
rna+HOH+metals-pymol.pdb#36:A#HB	0
rna+HOH+metals-pymol.pdb#36:A#HAL	0
rna+HOH+metals-pymol.pdb#36:A#CA	0
rna+HOH+metals-pymol.pdb#36:A#Pi_Cation	0
rna+HOH+metals-pymol.pdb#36:A#Pi_Anion	0
rna+HOH+metals-pymol.pdb#36:A#Pi_Stacking	0
rna+HOH+metals-pymol.pdb#36:A#Mg_mediated	0
rna+HOH+metals-pymol.pdb#36:A#K_mediated	0
rna+HOH+metals-pymol.pdb#36:A#Na_mediated	0
rna+HOH+metals-pymol.pdb#36:A#Other_mediated	0
rna+HOH+metals-pymol.pdb#36:A#Water_mediated	0
rna+HOH+metals-pymol.pdb#36:A#Lipophilic	0
rna+HOH+metals-pymol.pdb#37:A#HB	0
rna+HOH+metals-pymol.pdb#37:A#HAL	0
rna+HOH+metals-pymol.pdb#37:A#CA	0
rna+HOH+metals-pymol.pdb#37:A#Pi_Cation	0
rna+HOH+metals-pymol.pdb#37:A#Pi_Anion	0
rna+HOH+metals-pymol.pdb#37:A#Pi_Stacking	0
rna+HOH+metals-pymol.pdb#37:A#Mg_mediated	0
rna+HOH+metals-pymol.pdb#37:A#K_mediated	0
rna+HOH+metals-pymol.pdb#37:A#Na_mediated	0
rna+HOH+metals-pymol.pdb#37:A#Other_mediated	0
rna+HOH+metals-pymol.pdb#37:A#Water_mediated	0
rna+HOH+metals-pymol.pdb#37:A#Lipophilic	0
rna+HOH+metals-pymol.pdb#38:A#HB	0
rna+HOH+metals-pymol.pdb#38:A#HAL	0
rna+HOH+metals-pymol.pdb#38:A#CA	0
rna+HOH+metals-pymol.pdb#38:A#Pi_Cation	0
rna+HOH+metals-pymol.pdb#38:A#Pi_Anion	0
rna+HOH+metals-pymol.pdb#38:A#Pi_Stacking	0
rna+HOH+metals-pymol.pdb#38:A#Mg_mediated	0
rna+HOH+metals-pymol.pdb#38:A#K_mediated	0
rna+HOH+metals-pymol.pdb#38:A#Na_mediated	0
rna+HOH+metals-pymol.pdb#38:A#Other_mediated	0
rna+HOH+metals-pymol.pdb#38:A#Water_mediated	0
rna+HOH+metals-pymol.pdb#38:A#Lipophilic	0
rna+HOH+metals-pymol.pdb#39:A#HB	0
rna+HOH+metals-pymol.pdb#39:A#HAL	0
rna+HOH+metals-pymol.pdb#39:A#CA	0
rna+HOH+metals-pymol.pdb#39:A#Pi_Cation	0
rna+HOH+metals-pymol.pdb#39:A#Pi_Anion	0
rna+HOH+metals-pymol.pdb#39:A#Pi_Stacking	0
rna+HOH+metals-pymol.pdb#39:A#Mg_mediated	0
rna+HOH+metals-pymol.pdb#39:A#K_mediated	0
rna+HOH+metals-pymol.pdb#39:A#Na_mediated	0
rna+HOH+metals-pymol.pdb#39:A#Other_mediated	0
rna+HOH+metals-pymol.pdb#39:A#Water_mediated	0
rna+HOH+metals-pymol.pdb#39:A#Lipophilic	0
rna+HOH+metals-pymol.pdb#40:A#HB	0
rna+HOH+metals-pymol.pdb#40:A#HAL	0
rna+HOH+metals-pymol.pdb#40:A#CA	0
rna+HOH+metals-pymol.pdb#40:A#Pi_Cation	0
rna+HOH+metals-pymol.pdb#40:A#Pi_Anion	0
rna+HOH+metals-pymol.pdb#40:A#Pi_Stacking	0
rna+HOH+metals-pymol.pdb#40:A#Mg_mediated	0
rna+HOH+metals-pymol.pdb#40:A#K_mediated	0
rna+HOH+metals-pymol.pdb#40:A#Na_mediated	0
rna+HOH+metals-pymol.pdb#40:A#Other_mediated	0
rna+HOH+metals-pymol.pdb#40:A#Water_mediated	0
rna+HOH+metals-pymol.pdb#40:A#Lipophilic	0
rna+HOH+metals-pymol.pdb#41:A#HB	0
rna+HOH+metals-pymol.pdb#41:A#HAL	0
rna+HOH+metals-pymol.pdb#41:A#CA	0
rna+HOH+metals-pymol.pdb#41:A#Pi_Cation	0
rna+HOH+metals-pymol.pdb#41:A#Pi_Anion	0
rna+HOH+metals-pymol.pdb#41:A#Pi_Stacking	0
rna+HOH+metals-pymol.pdb#41:A#Mg_mediated	0
rna+HOH+metals-pymol.pdb#41:A#K_mediated	0
rna+HOH+metals-pymol.pdb#41:A#Na_mediated	0
rna+HOH+metals-pymol.pdb#41:A#Other_mediated	0
rna+HOH+metals-pymol.pdb#41:A#Water_mediated	0
rna+HOH+metals-pymol.pdb#41:A#Lipophilic	0
rna+HOH+metals-pymol.pdb#42:A#HB	0
rna+HOH+metals-pymol.pdb#42:A#HAL	0
rna+HOH+metals-pymol.pdb#42:A#CA	0
rna+HOH+metals-pymol.pdb#42:A#Pi_Cation	0
rna+HOH+metals-pymol.pdb#42:A#Pi_Anion	0
rna+HOH+metals-pymol.pdb#42:A#Pi_Stacking	0
rna+HOH+metals-pymol.pdb#42:A#Mg_mediated	0
rna+HOH+metals-pymol.pdb#42:A#K_mediated	0
rna+HOH+metals-pymol.pdb#42:A#Na_mediated	0
rna+HOH+metals-pymol.pdb#42:A#Other_mediated	0
rna+HOH+metals-pymol.pdb#42:A#Water_mediated	0
rna+HOH+metals-pymol.pdb#42:A#Lipophilic	0
rna+HOH+metals-pymol.pdb#43:A#HB	0
rna+HOH+metals-pymol.pdb#43:A#HAL	0
rna+HOH+metals-pymol.pdb#43:A#CA	0
rna+HOH+metals-pymol.pdb#43:A#Pi_Cation	0
rna+HOH+metals-pymol.pdb#43:A#Pi_Anion	0
rna+HOH+metals-pymol.pdb#43:A#Pi_Stacking	0
rna+HOH+metals-pymol.pdb#43:A#Mg_mediated	0
rna+HOH+metals-pymol.pdb#43:A#K_mediated	0
rna+HOH+metals-pymol.pdb#43:A#Na_mediated	0
rna+HOH+metals-pymol.pdb#43:A#Other_mediated	0
rna+HOH+metals-pymol.pdb#43:A#Water_mediated	0
rna+HOH+metals-pymol.pdb#43:A#Lipophilic	0
rna+HOH+metals-pymol.pdb#44:A#HB	0
rna+HOH+metals-pymol.pdb#44:A#HAL	0
rna+HOH+metals-pymol.pdb#44:A#CA	0
rna+HOH+metals-pymol.pdb#44:A#Pi_Cation	0
rna+HOH+metals-pymol.pdb#44:A#Pi_Anion	0
rna+HOH+metals-pymol.pdb#44:A#Pi_Stacking	0
rna+HOH+metals-pymol.pdb#44:A#Mg_mediated	0
rna+HOH+metals-pymol.pdb#44:A#K_mediated	0
rna+HOH+metals-pymol.pdb#44:A#Na_mediated	0
rna+HOH+metals-pymol.pdb#44:A#Other_mediated	0
rna+HOH+metals-pymol.pdb#44:A#Water_mediated	0
rna+HOH+metals-pymol.pdb#44:A#Lipophilic	0
rna+HOH+metals-pymol.pdb#45:A#HB	0
rna+HOH+metals-pymol.pdb#45:A#HAL	0
rna+HOH+metals-pymol.pdb#45:A#CA	0
rna+HOH+metals-pymol.pdb#45:A#Pi_Cation	0
rna+HOH+metals-pymol.pdb#45:A#Pi_Anion	0
rna+HOH+metals-pymol.pdb#45:A#Pi_Stacking	0
rna+HOH+metals-pymol.pdb#45:A#Mg_mediated	0
rna+HOH+metals-pymol.pdb#45:A#K_mediated	0
rna+HOH+metals-pymol.pdb#45:A#Na_mediated	0
rna+HOH+metals-pymol.pdb#45:A#Other_mediated	0
rna+HOH+metals-pymol.pdb#45:A#Water_mediated	0
rna+HOH+metals-pymol.pdb#45:A#Lipophilic	0
rna+HOH+metals-pymol.pdb#46:A#HB	0
rna+HOH+metals-pymol.pdb#46:A#HAL	0
rna+HOH+metals-pymol.pdb#46:A#CA	0
rna+HOH+metals-pymol.pdb#46:A#Pi_Cation	0
rna+HOH+metals-pymol.pdb#46:A#Pi_Anion	0
rna+HOH+metals-pymol.pdb#46:A#Pi_Stacking	0
rna+HOH+metals-pymol.pdb#46:A#Mg_mediated	0
rna+HOH+metals-pymol.pdb#46:A#K_mediated	0
rna+HOH+metals-pymol.pdb#46:A#Na_mediated	0
rna+HOH+metals-pymol.pdb#46:A#Other_mediated	0
rna+HOH+metals-pymol.pdb#46:A#Water_mediated	0
rna+HOH+metals-pymol.pdb#46:A#Lipophilic	0
rna+HOH+metals-pymol.pdb#47:A#HB	0
rna+HOH+metals-pymol.pdb#47:A#HAL	0
rna+HOH+metals-pymol.pdb#47:A#CA	0
rna+HOH+metals-pymol.pdb#47:A#Pi_Cation	0
rna+HOH+metals-pymol.pdb#47:A#Pi_Anion	0
rna+HOH+metals-pymol.pdb#47:A#Pi_Stacking	0
rna+HOH+metals-pymol.pdb#47:A#Mg_mediated	0
rna+HOH+metals-pymol.pdb#47:A#K_mediated	0
rna+HOH+metals-pymol.pdb#47:A#Na_mediated	0
rna+HOH+metals-pymol.pdb#47:A#Other_mediated	0
rna+HOH+metals-pymol.pdb#47:A#Water_mediated	0
rna+HOH+metals-pymol.pdb#47:A#Lipophilic	0
rna+HOH+metals-pymol.pdb#48:A#HB	0
rna+HOH+metals-pymol.pdb#48:A#HAL	0
rna+HOH+metals-pymol.pdb#48:A#CA	0
rna+HOH+metals-pymol.pdb#48:A#Pi_Cation	0
rna+HOH+metals-pymol.pdb#48:A#Pi_Anion	0
rna+HOH+metals-pymol.pdb#48:A#Pi_Stacking	0
rna+HOH+metals-pymol.pdb#48:A#Mg_mediated	0
rna+HOH+metals-pymol.pdb#48:A#K_mediated	0
rna+HOH+metals-pymol.pdb#48:A#Na_mediated	0
rna+HOH+metals-pymol.pdb#48:A#Other_mediated	0
rna+HOH+metals-pymol.pdb#48:A#Water_mediated	0
rna+HOH+metals-pymol.pdb#48:A#Lipophilic	0
rna+HOH+metals-pymol.pdb#49:A#HB	0
rna+HOH+metals-pymol.pdb#49:A#HAL	0
rna+HOH+metals-pymol.pdb#49:A#CA	0
rna+HOH+metals-pymol.pdb#49:A#Pi_Cation	0
rna+HOH+metals-pymol.pdb#49:A#Pi_Anion	0
rna+HOH+metals-pymol.pdb#49:A#Pi_Stacking	0
rna+HOH+metals-pymol.pdb#49:A#Mg_mediated	0
rna+HOH+metals-pymol.pdb#49:A#K_mediated	0
rna+HOH+metals-pymol.pdb#49:A#Na_mediated	0
rna+HOH+metals-pymol.pdb#49:A#Other_mediated	0
rna+HOH+metals-pymol.pdb#49:A#Water_mediated	0
rna+HOH+metals-pymol.pdb#49:A#Lipophilic	0
rna+HOH+metals-pymol.pdb#50:A#HB	0
rna+HOH+metals-pymol.pdb#50:A#HAL	0
rna+HOH+metals-pymol.pdb#50:A#CA	0
rna+HOH+metals-pymol.pdb#50:A#Pi_Cation	0
rna+HOH+metals-pymol.pdb#50:A#Pi_Anion	0
rna+HOH+metals-pymol.pdb#50:A#Pi_Stacking	0
rna+HOH+metals-pymol.pdb#50:A#Mg_mediated	0
rna+HOH+metals-pymol.pdb#50:A#K_mediated	0
rna+HOH+metals-pymol.pdb#50:A#Na_mediated	0
rna+HOH+metals-pymol.pdb#50:A#Other_mediated	0
rna+HOH+metals-pymol.pdb#50:A#Water_mediated	0
rna+HOH+metals-pymol.pdb#50:A#Lipophilic	0
rna+HOH+metals-pymol.pdb#51:A#HB	1
rna+HOH+metals-pymol.pdb#51:A#HAL	0
rna+HOH+metals-pymol.pdb#51:A#CA	0
rna+HOH+metals-pymol.pdb#51:A#Pi_Cation	0
rna+HOH+metals-pymol.pdb#51:A#Pi_Anion	0
rna+HOH+metals-pymol.pdb#51:A#Pi_Stacking	0
rna+HOH+metals-pymol.pdb#51:A#Mg_mediated	0
rna+HOH+metals-pymol.pdb#51:A#K_mediated	0
rna+HOH+metals-pymol.pdb#51:A#Na_mediated	0
rna+HOH+metals-pymol.pdb#51:A#Other_mediated	0
rna+HOH+metals-pymol.pdb#51:A#Water_mediated	0
rna+HOH+metals-pymol.pdb#51:A#Lipophilic	0
rna+HOH+metals-pymol.pdb#52:A#HB	1
rna+HOH+metals-pymol.pdb#52:A#HAL	0
rna+HOH+metals-pymol.pdb#52:A#CA	0
rna+HOH+metals-pymol.pdb#52:A#Pi_Cation	0
rna+HOH+metals-pymol.pdb#52:A#Pi_Anion	0
rna+HOH+metals-pymol.pdb#52:A#Pi_Stacking	0
rna+HOH+metals-pymol.pdb#52:A#Mg_mediated	0
rna+HOH+metals-pymol.pdb#52:A#K_mediated	0
rna+HOH+metals-pymol.pdb#52:A#Na_mediated	0
rna+HOH+metals-pymol.pdb#52:A#Other_mediated	0
rna+HOH+metals-pymol.pdb#52:A#Water_mediated	0
rna+HOH+metals-pymol.pdb#52:A#Lipophilic	1
rna+HOH+metals-pymol.pdb#53:A#HB	0
rna+HOH+metals-pymol.pdb#53:A#HAL	0
rna+HOH+metals-pymol.pdb#53:A#CA	0
rna+HOH+metals-pymol.pdb#53:A#Pi_Cation	0
rna+HOH+metals-pymol.pdb#53:A#Pi_Anion	0
rna+HOH+metals-pymol.pdb#53:A#Pi_Stacking	0
rna+HOH+metals-pymol.pdb#53:A#Mg_mediated	0
rna+HOH+metals-pymol.pdb#53:A#K_mediated	0
rna+HOH+metals-pymol.pdb#53:A#Na_mediated	0
rna+HOH+metals-pymol.pdb#53:A#Other_mediated	0
rna+HOH+metals-pymol.pdb#53:A#Water_mediated	0
rna+HOH+metals-pymol.pdb#53:A#Lipophilic	0
rna+HOH+metals-pymol.pdb#54:A#HB	0
rna+HOH+metals-pymol.pdb#54:A#HAL	0
rna+HOH+metals-pymol.pdb#54:A#CA	0
rna+HOH+metals-pymol.pdb#54:A#Pi_Cation	0
rna+HOH+metals-pymol.pdb#54:A#Pi_Anion	0
rna+HOH+metals-pymol.pdb#54:A#Pi_Stacking	0
rna+HOH+metals-pymol.pdb#54:A#Mg_mediated	0
rna+HOH+metals-pymol.pdb#54:A#K_mediated	0
rna+HOH+metals-pymol.pdb#54:A#Na_mediated	0
rna+HOH+metals-pymol.pdb#54:A#Other_mediated	0
rna+HOH+metals-pymol.pdb#54:A#Water_mediated	0
rna+HOH+metals-pymol.pdb#54:A#Lipophilic	0
rna+HOH+metals-pymol.pdb#55:A#HB	0
rna+HOH+metals-pymol.pdb#55:A#HAL	0
rna+HOH+metals-pymol.pdb#55:A#CA	0
rna+HOH+metals-pymol.pdb#55:A#Pi_Cation	0
rna+HOH+metals-pymol.pdb#55:A#Pi_Anion	0
rna+HOH+metals-pymol.pdb#55:A#Pi_Stacking	0
rna+HOH+metals-pymol.pdb#55:A#Mg_mediated	0
rna+HOH+metals-pymol.pdb#55:A#K_mediated	0
rna+HOH+metals-pymol.pdb#55:A#Na_mediated	0
rna+HOH+metals-pymol.pdb#55:A#Other_mediated	0
rna+HOH+metals-pymol.pdb#55:A#Water_mediated	0
rna+HOH+metals-pymol.pdb#55:A#Lipophilic	0
rna+HOH+metals-pymol.pdb#56:A#HB	0
rna+HOH+metals-pymol.pdb#56:A#HAL	0
rna+HOH+metals-pymol.pdb#56:A#CA	0
rna+HOH+metals-pymol.pdb#56:A#Pi_Cation	0
rna+HOH+metals-pymol.pdb#56:A#Pi_Anion	0
rna+HOH+metals-pymol.pdb#56:A#Pi_Stacking	0
rna+HOH+metals-pymol.pdb#56:A#Mg_mediated	0
rna+HOH+metals-pymol.pdb#56:A#K_mediated	0
rna+HOH+metals-pymol.pdb#56:A#Na_mediated	0
rna+HOH+metals-pymol.pdb#56:A#Other_mediated	0
rna+HOH+metals-pymol.pdb#56:A#Water_mediated	0
rna+HOH+metals-pymol.pdb#56:A#Lipophilic	0
rna+HOH+metals-pymol.pdb#57:A#HB	0
rna+HOH+metals-pymol.pdb#57:A#HAL	0
rna+HOH+metals-pymol.pdb#57:A#CA	0
rna+HOH+metals-pymol.pdb#57:A#Pi_Cation	0
rna+HOH+metals-pymol.pdb#57:A#Pi_Anion	0
rna+HOH+metals-pymol.pdb#57:A#Pi_Stacking	0
rna+HOH+metals-pymol.pdb#57:A#Mg_mediated	0
rna+HOH+metals-pymol.pdb#57:A#K_mediated	0
rna+HOH+metals-pymol.pdb#57:A#Na_mediated	0
rna+HOH+metals-pymol.pdb#57:A#Other_mediated	0
rna+HOH+metals-pymol.pdb#57:A#Water_mediated	0
rna+HOH+metals-pymol.pdb#57:A#Lipophilic	0
rna+HOH+metals-pymol.pdb#58:A#HB	0
rna+HOH+metals-pymol.pdb#58:A#HAL	0
rna+HOH+metals-pymol.pdb#58:A#CA	0
rna+HOH+metals-pymol.pdb#58:A#Pi_Cation	0
rna+HOH+metals-pymol.pdb#58:A#Pi_Anion	0
rna+HOH+metals-pymol.pdb#58:A#Pi_Stacking	0
rna+HOH+metals-pymol.pdb#58:A#Mg_mediated	0
rna+HOH+metals-pymol.pdb#58:A#K_mediated	0
rna+HOH+metals-pymol.pdb#58:A#Na_mediated	0
rna+HOH+metals-pymol.pdb#58:A#Other_mediated	0
rna+HOH+metals-pymol.pdb#58:A#Water_mediated	0
rna+HOH+metals-pymol.pdb#58:A#Lipophilic	0
rna+HOH+metals-pymol.pdb#59:A#HB	0
rna+HOH+metals-pymol.pdb#59:A#HAL	0
rna+HOH+metals-pymol.pdb#59:A#CA	0
rna+HOH+metals-pymol.pdb#59:A#Pi_Cation	0
rna+HOH+metals-pymol.pdb#59:A#Pi_Anion	0
rna+HOH+metals-pymol.pdb#59:A#Pi_Stacking	0
rna+HOH+metals-pymol.pdb#59:A#Mg_mediated	0
rna+HOH+metals-pymol.pdb#59:A#K_mediated	0
rna+HOH+metals-pymol.pdb#59:A#Na_mediated	0
rna+HOH+metals-pymol.pdb#59:A#Other_mediated	0
rna+HOH+metals-pymol.pdb#59:A#Water_mediated	0
rna+HOH+metals-pymol.pdb#59:A#Lipophilic	0
rna+HOH+metals-pymol.pdb#60:A#HB	0
rna+HOH+metals-pymol.pdb#60:A#HAL	0
rna+HOH+metals-pymol.pdb#60:A#CA	0
rna+HOH+metals-pymol.pdb#60:A#Pi_Cation	0
rna+HOH+metals-pymol.pdb#60:A#Pi_Anion	0
rna+HOH+metals-pymol.pdb#60:A#Pi_Stacking	0
rna+HOH+metals-pymol.pdb#60:A#Mg_mediated	0
rna+HOH+metals-pymol.pdb#60:A#K_mediated	0
rna+HOH+metals-pymol.pdb#60:A#Na_mediated	0
rna+HOH+metals-pymol.pdb#60:A#Other_mediated	0
rna+HOH+metals-pymol.pdb#60:A#Water_mediated	0
rna+HOH+metals-pymol.pdb#60:A#Lipophilic	0
rna+HOH+metals-pymol.pdb#61:A#HB	0
rna+HOH+metals-pymol.pdb#61:A#HAL	0
rna+HOH+metals-pymol.pdb#61:A#CA	0
rna+HOH+metals-pymol.pdb#61:A#Pi_Cation	0
rna+HOH+metals-pymol.pdb#61:A#Pi_Anion	0
rna+HOH+metals-pymol.pdb#61:A#Pi_Stacking	0
rna+HOH+metals-pymol.pdb#61:A#Mg_mediated	0
rna+HOH+metals-pymol.pdb#61:A#K_mediated	0
rna+HOH+metals-pymol.pdb#61:A#Na_mediated	0
rna+HOH+metals-pymol.pdb#61:A#Other_mediated	0
rna+HOH+metals-pymol.pdb#61:A#Water_mediated	0
rna+HOH+metals-pymol.pdb#61:A#Lipophilic	0
rna+HOH+metals-pymol.pdb#62:A#HB	0
rna+HOH+metals-pymol.pdb#62:A#HAL	0
rna+HOH+metals-pymol.pdb#62:A#CA	0
rna+HOH+metals-pymol.pdb#62:A#Pi_Cation	0
rna+HOH+metals-pymol.pdb#62:A#Pi_Anion	0
rna+HOH+metals-pymol.pdb#62:A#Pi_Stacking	0
rna+HOH+metals-pymol.pdb#62:A#Mg_mediated	0
rna+HOH+metals-pymol.pdb#62:A#K_mediated	0
rna+HOH+metals-pymol.pdb#62:A#Na_mediated	0
rna+HOH+metals-pymol.pdb#62:A#Other_mediated	0
rna+HOH+metals-pymol.pdb#62:A#Water_mediated	0
rna+HOH+metals-pymol.pdb#62:A#Lipophilic	0
rna+HOH+metals-pymol.pdb#63:A#HB	0
rna+HOH+metals-pymol.pdb#63:A#HAL	0
rna+HOH+metals-pymol.pdb#63:A#CA	0
rna+HOH+metals-pymol.pdb#63:A#Pi_Cation	0
rna+HOH+metals-pymol.pdb#63:A#Pi_Anion	0
rna+HOH+metals-pymol.pdb#63:A#Pi_Stacking	0
rna+HOH+metals-pymol.pdb#63:A#Mg_mediated	0
rna+HOH+metals-pymol.pdb#63:A#K_mediated	0
rna+HOH+metals-pymol.pdb#63:A#Na_mediated	0
rna+HOH+metals-pymol.pdb#63:A#Other_mediated	0
rna+HOH+metals-pymol.pdb#63:A#Water_mediated	0
rna+HOH+metals-pymol.pdb#63:A#Lipophilic	0
rna+HOH+metals-pymol.pdb#64:A#HB	0
rna+HOH+metals-pymol.pdb#64:A#HAL	0
rna+HOH+metals-pymol.pdb#64:A#CA	0
rna+HOH+metals-pymol.pdb#64:A#Pi_Cation	0
rna+HOH+metals-pymol.pdb#64:A#Pi_Anion	0
rna+HOH+metals-pymol.pdb#64:A#Pi_Stacking	0
rna+HOH+metals-pymol.pdb#64:A#Mg_mediated	0
rna+HOH+metals-pymol.pdb#64:A#K_mediated	0
rna+HOH+metals-pymol.pdb#64:A#Na_mediated	0
rna+HOH+metals-pymol.pdb#64:A#Other_mediated	0
rna+HOH+metals-pymol.pdb#64:A#Water_mediated	0
rna+HOH+metals-pymol.pdb#64:A#Lipophilic	0
rna+HOH+metals-pymol.pdb#65:A#HB	0
rna+HOH+metals-pymol.pdb#65:A#HAL	0
rna+HOH+metals-pymol.pdb#65:A#CA	0
rna+HOH+metals-pymol.pdb#65:A#Pi_Cation	0
rna+HOH+metals-pymol.pdb#65:A#Pi_Anion	0
rna+HOH+metals-pymol.pdb#65:A#Pi_Stacking	0
rna+HOH+metals-pymol.pdb#65:A#Mg_mediated	0
rna+HOH+metals-pymol.pdb#65:A#K_mediated	0
rna+HOH+metals-pymol.pdb#65:A#Na_mediated	0
rna+HOH+metals-pymol.pdb#65:A#Other_mediated	0
rna+HOH+metals-pymol.pdb#65:A#Water_mediated	0
rna+HOH+metals-pymol.pdb#65:A#Lipophilic	0
rna+HOH+metals-pymol.pdb#66:A#HB	0
rna+HOH+metals-pymol.pdb#66:A#HAL	0
rna+HOH+metals-pymol.pdb#66:A#CA	0
rna+HOH+metals-pymol.pdb#66:A#Pi_Cation	0
rna+HOH+metals-pymol.pdb#66:A#Pi_Anion	0
rna+HOH+metals-pymol.pdb#66:A#Pi_Stacking	0
rna+HOH+metals-pymol.pdb#66:A#Mg_mediated	0
rna+HOH+metals-pymol.pdb#66:A#K_mediated	0
rna+HOH+metals-pymol.pdb#66:A#Na_mediated	0
rna+HOH+metals-pymol.pdb#66:A#Other_mediated	0
rna+HOH+metals-pymol.pdb#66:A#Water_mediated	0
rna+HOH+metals-pymol.pdb#66:A#Lipophilic	0
rna+HOH+metals-pymol.pdb#67:A#HB	0
rna+HOH+metals-pymol.pdb#67:A#HAL	0
rna+HOH+metals-pymol.pdb#67:A#CA	0
rna+HOH+metals-pymol.pdb#67:A#Pi_Cation	0
rna+HOH+metals-pymol.pdb#67:A#Pi_Anion	0
rna+HOH+metals-pymol.pdb#67:A#Pi_Stacking	0
rna+HOH+metals-pymol.pdb#67:A#Mg_mediated	0
rna+HOH+metals-pymol.pdb#67:A#K_mediated	0
rna+HOH+metals-pymol.pdb#67:A#Na_mediated	0
rna+HOH+metals-pymol.pdb#67:A#Other_mediated	0
rna+HOH+metals-pymol.pdb#67:A#Water_mediated	0
rna+HOH+metals-pymol.pdb#67:A#Lipophilic	0
rna+HOH+metals-pymol.pdb#68:A#HB	0
rna+HOH+metals-pymol.pdb#68:A#HAL	0
rna+HOH+metals-pymol.pdb#68:A#CA	0
rna+HOH+metals-pymol.pdb#68:A#Pi_Cation	0
rna+HOH+metals-pymol.pdb#68:A#Pi_Anion	0
rna+HOH+metals-pymol.pdb#68:A#Pi_Stacking	0
rna+HOH+metals-pymol.pdb#68:A#Mg_mediated	0
rna+HOH+metals-pymol.pdb#68:A#K_mediated	0
rna+HOH+metals-pymol.pdb#68:A#Na_mediated	0
rna+HOH+metals-pymol.pdb#68:A#Other_mediated	0
rna+HOH+metals-pymol.pdb#68:A#Water_mediated	0
rna+HOH+metals-pymol.pdb#68:A#Lipophilic	0
rna+HOH+metals-pymol.pdb#69:A#HB	0
rna+HOH+metals-pymol.pdb#69:A#HAL	0
rna+HOH+metals-pymol.pdb#69:A#CA	0
rna+HOH+metals-pymol.pdb#69:A#Pi_Cation	0
rna+HOH+metals-pymol.pdb#69:A#Pi_Anion	0
rna+HOH+metals-pymol.pdb#69:A#Pi_Stacking	0
rna+HOH+metals-pymol.pdb#69:A#Mg_mediated	0
rna+HOH+metals-pymol.pdb#69:A#K_mediated	0
rna+HOH+metals-pymol.pdb#69:A#Na_mediated	0
rna+HOH+metals-pymol.pdb#69:A#Other_mediated	0
rna+HOH+metals-pymol.pdb#69:A#Water_mediated	0
rna+HOH+metals-pymol.pdb#69:A#Lipophilic	0
rna+HOH+metals-pymol.pdb#70:A#HB	0
rna+HOH+metals-pymol.pdb#70:A#HAL	0
rna+HOH+metals-pymol.pdb#70:A#CA	0
rna+HOH+metals-pymol.pdb#70:A#Pi_Cation	0
rna+HOH+metals-pymol.pdb#70:A#Pi_Anion	0
rna+HOH+metals-pymol.pdb#70:A#Pi_Stacking	0
rna+HOH+metals-pymol.pdb#70:A#Mg_mediated	0
rna+HOH+metals-pymol.pdb#70:A#K_mediated	0
rna+HOH+metals-pymol.pdb#70:A#Na_mediated	0
rna+HOH+metals-pymol.pdb#70:A#Other_mediated	0
rna+HOH+metals-pymol.pdb#70:A#Water_mediated	0
rna+HOH+metals-pymol.pdb#70:A#Lipophilic	0
rna+HOH+metals-pymol.pdb#71:A#HB	0
rna+HOH+metals-pymol.pdb#71:A#HAL	0
rna+HOH+metals-pymol.pdb#71:A#CA	0
rna+HOH+metals-pymol.pdb#71:A#Pi_Cation	0
rna+HOH+metals-pymol.pdb#71:A#Pi_Anion	0
rna+HOH+metals-pymol.pdb#71:A#Pi_Stacking	0
rna+HOH+metals-pymol.pdb#71:A#Mg_mediated	0
rna+HOH+metals-pymol.pdb#71:A#K_mediated	0
rna+HOH+metals-pymol.pdb#71:A#Na_mediated	0
rna+HOH+metals-pymol.pdb#71:A#Other_mediated	0
rna+HOH+metals-pymol.pdb#71:A#Water_mediated	0
rna+HOH+metals-pymol.pdb#71:A#Lipophilic	0
rna+HOH+metals-pymol.pdb#72:A#HB	0
rna+HOH+metals-pymol.pdb#72:A#HAL	0
rna+HOH+metals-pymol.pdb#72:A#CA	0
rna+HOH+metals-pymol.pdb#72:A#Pi_Cation	0
rna+HOH+metals-pymol.pdb#72:A#Pi_Anion	0
rna+HOH+metals-pymol.pdb#72:A#Pi_Stacking	0
rna+HOH+metals-pymol.pdb#72:A#Mg_mediated	0
rna+HOH+metals-pymol.pdb#72:A#K_mediated	0
rna+HOH+metals-pymol.pdb#72:A#Na_mediated	0
rna+HOH+metals-pymol.pdb#72:A#Other_mediated	0
rna+HOH+metals-pymol.pdb#72:A#Water_mediated	0
rna+HOH+metals-pymol.pdb#72:A#Lipophilic	0
rna+HOH+metals-pymol.pdb#73:A#HB	1
rna+HOH+metals-pymol.pdb#73:A#HAL	0
rna+HOH+metals-pymol.pdb#73:A#CA	0
rna+HOH+metals-pymol.pdb#73:A#Pi_Cation	0
rna+HOH+metals-pymol.pdb#73:A#Pi_Anion	0
rna+HOH+metals-pymol.pdb#73:A#Pi_Stacking	0
rna+HOH+metals-pymol.pdb#73:A#Mg_mediated	0
rna+HOH+metals-pymol.pdb#73:A#K_mediated	0
rna+HOH+metals-pymol.pdb#73:A#Na_mediated	0
rna+HOH+metals-pymol.pdb#73:A#Other_mediated	0
rna+HOH+metals-pymol.pdb#73:A#Water_mediated	0
rna+HOH+metals-pymol.pdb#73:A#Lipophilic	0
rna+HOH+metals-pymol.pdb#74:A#HB	1
rna+HOH+metals-pymol.pdb#74:A#HAL	0
rna+HOH+metals-pymol.pdb#74:A#CA	0
rna+HOH+metals-pymol.pdb#74:A#Pi_Cation	0
rna+HOH+metals-pymol.pdb#74:A#Pi_Anion	0
rna+HOH+metals-pymol.pdb#74:A#Pi_Stacking	0
rna+HOH+metals-pymol.pdb#74:A#Mg_mediated	0
rna+HOH+metals-pymol.pdb#74:A#K_mediated	0
rna+HOH+metals-pymol.pdb#74:A#Na_mediated	0
rna+HOH+metals-pymol.pdb#74:A#Other_mediated	0
rna+HOH+metals-pymol.pdb#74:A#Water_mediated	0
rna+HOH+metals-pymol.pdb#74:A#Lipophilic	0
rna+HOH+metals-pymol.pdb#75:A#HB	1
rna+HOH+metals-pymol.pdb#75:A#HAL	0
rna+HOH+metals-pymol.pdb#75:A#CA	0
rna+HOH+metals-pymol.pdb#75:A#Pi_Cation	0
rna+HOH+metals-pymol.pdb#75:A#Pi_Anion	0
rna+HOH+metals-pymol.pdb#75:A#Pi_Stacking	0
rna+HOH+metals-pymol.pdb#75:A#Mg_mediated	0
rna+HOH+metals-pymol.pdb#75:A#K_mediated	0
rna+HOH+metals-pymol.pdb#75:A#Na_mediated	0
rna+HOH+metals-pymol.pdb#75:A#Other_mediated	0
rna+HOH+metals-pymol.pdb#75:A#Water_mediated	0
rna+HOH+metals-pymol.pdb#75:A#Lipophilic	1
rna+HOH+metals-pymol.pdb#76:A#HB	0
rna+HOH+metals-pymol.pdb#76:A#HAL	0
rna+HOH+metals-pymol.pdb#76:A#CA	0
rna+HOH+metals-pymol.pdb#76:A#Pi_Cation	0
rna+HOH+metals-pymol.pdb#76:A#Pi_Anion	0
rna+HOH+metals-pymol.pdb#76:A#Pi_Stacking	0
rna+HOH+metals-pymol.pdb#76:A#Mg_mediated	0
rna+HOH+metals-pymol.pdb#76:A#K_mediated	0
rna+HOH+metals-pymol.pdb#76:A#Na_mediated	0
rna+HOH+metals-pymol.pdb#76:A#Other_mediated	0
rna+HOH+metals-pymol.pdb#76:A#Water_mediated	0
rna+HOH+metals-pymol.pdb#76:A#Lipophilic	0
rna+HOH+metals-pymol.pdb#77:A#HB	0
rna+HOH+metals-pymol.pdb#77:A#HAL	0
rna+HOH+metals-pymol.pdb#77:A#CA	0
rna+HOH+metals-pymol.pdb#77:A#Pi_Cation	0
rna+HOH+metals-pymol.pdb#77:A#Pi_Anion	0
rna+HOH+metals-pymol.pdb#77:A#Pi_Stacking	0
rna+HOH+metals-pymol.pdb#77:A#Mg_mediated	0
rna+HOH+metals-pymol.pdb#77:A#K_mediated	0
rna+HOH+metals-pymol.pdb#77:A#Na_mediated	0
rna+HOH+metals-pymol.pdb#77:A#Other_mediated	0
rna+HOH+metals-pymol.pdb#77:A#Water_mediated	0
rna+HOH+metals-pymol.pdb#77:A#Lipophilic	0
rna+HOH+metals-pymol.pdb#78:A#HB	0
rna+HOH+metals-pymol.pdb#78:A#HAL	0
rna+HOH+metals-pymol.pdb#78:A#CA	0
rna+HOH+metals-pymol.pdb#78:A#Pi_Cation	0
rna+HOH+metals-pymol.pdb#78:A#Pi_Anion	0
rna+HOH+metals-pymol.pdb#78:A#Pi_Stacking	0
rna+HOH+metals-pymol.pdb#78:A#Mg_mediated	0
rna+HOH+metals-pymol.pdb#78:A#K_mediated	0
rna+HOH+metals-pymol.pdb#78:A#Na_mediated	0
rna+HOH+metals-pymol.pdb#78:A#Other_mediated	0
rna+HOH+metals-pymol.pdb#78:A#Water_mediated	0
rna+HOH+metals-pymol.pdb#78:A#Lipophilic	0
rna+HOH+metals-pymol.pdb#79:A#HB	0
rna+HOH+metals-pymol.pdb#79:A#HAL	0
rna+HOH+metals-pymol.pdb#79:A#CA	0
rna+HOH+metals-pymol.pdb#79:A#Pi_Cation	0
rna+HOH+metals-pymol.pdb#79:A#Pi_Anion	0
rna+HOH+metals-pymol.pdb#79:A#Pi_Stacking	0
rna+HOH+metals-pymol.pdb#79:A#Mg_mediated	0
rna+HOH+metals-pymol.pdb#79:A#K_mediated	0
rna+HOH+metals-pymol.pdb#79:A#Na_mediated	0
rna+HOH+metals-pymol.pdb#79:A#Other_mediated	0
rna+HOH+metals-pymol.pdb#79:A#Water_mediated	0
rna+HOH+metals-pymol.pdb#79:A#Lipophilic	0
rna+HOH+metals-pymol.pdb#80:A#HB	0
rna+HOH+metals-pymol.pdb#80:A#HAL	0
rna+HOH+metals-pymol.pdb#80:A#CA	0
rna+HOH+metals-pymol.pdb#80:A#Pi_Cation	0
rna+HOH+metals-pymol.pdb#80:A#Pi_Anion	0
rna+HOH+metals-pymol.pdb#80:A#Pi_Stacking	0
rna+HOH+metals-pymol.pdb#80:A#Mg_mediated	0
rna+HOH+metals-pymol.pdb#80:A#K_mediated	0
rna+HOH+metals-pymol.pdb#80:A#Na_mediated	0
rna+HOH+metals-pymol.pdb#80:A#Other_mediated	0
rna+HOH+metals-pymol.pdb#80:A#Water_mediated	0
rna+HOH+metals-pymol.pdb#80:A#Lipophilic	0
