Ligand_name	1UTS.pdb#17:B#HB	1UTS.pdb#17:B#HAL	1UTS.pdb#17:B#CA	1UTS.pdb#17:B#Pi_Cation	1UTS.pdb#17:B#Pi_Anion	1UTS.pdb#17:B#Pi_Stacking	1UTS.pdb#17:B#Mg_mediated	1UTS.pdb#17:B#K_mediated	1UTS.pdb#17:B#Na_mediated	1UTS.pdb#17:B#Other_mediated	1UTS.pdb#17:B#Water_mediated	1UTS.pdb#17:B#Lipophilic	1UTS.pdb#18:B#HB	1UTS.pdb#18:B#HAL	1UTS.pdb#18:B#CA	1UTS.pdb#18:B#Pi_Cation	1UTS.pdb#18:B#Pi_Anion	1UTS.pdb#18:B#Pi_Stacking	1UTS.pdb#18:B#Mg_mediated	1UTS.pdb#18:B#K_mediated	1UTS.pdb#18:B#Na_mediated	1UTS.pdb#18:B#Other_mediated	1UTS.pdb#18:B#Water_mediated	1UTS.pdb#18:B#Lipophilic	1UTS.pdb#19:B#HB	1UTS.pdb#19:B#HAL	1UTS.pdb#19:B#CA	1UTS.pdb#19:B#Pi_Cation	1UTS.pdb#19:B#Pi_Anion	1UTS.pdb#19:B#Pi_Stacking	1UTS.pdb#19:B#Mg_mediated	1UTS.pdb#19:B#K_mediated	1UTS.pdb#19:B#Na_mediated	1UTS.pdb#19:B#Other_mediated	1UTS.pdb#19:B#Water_mediated	1UTS.pdb#19:B#Lipophilic	1UTS.pdb#20:B#HB	1UTS.pdb#20:B#HAL	1UTS.pdb#20:B#CA	1UTS.pdb#20:B#Pi_Cation	1UTS.pdb#20:B#Pi_Anion	1UTS.pdb#20:B#Pi_Stacking	1UTS.pdb#20:B#Mg_mediated	1UTS.pdb#20:B#K_mediated	1UTS.pdb#20:B#Na_mediated	1UTS.pdb#20:B#Other_mediated	1UTS.pdb#20:B#Water_mediated	1UTS.pdb#20:B#Lipophilic	1UTS.pdb#21:B#HB	1UTS.pdb#21:B#HAL	1UTS.pdb#21:B#CA	1UTS.pdb#21:B#Pi_Cation	1UTS.pdb#21:B#Pi_Anion	1UTS.pdb#21:B#Pi_Stacking	1UTS.pdb#21:B#Mg_mediated	1UTS.pdb#21:B#K_mediated	1UTS.pdb#21:B#Na_mediated	1UTS.pdb#21:B#Other_mediated	1UTS.pdb#21:B#Water_mediated	1UTS.pdb#21:B#Lipophilic	1UTS.pdb#22:B#HB	1UTS.pdb#22:B#HAL	1UTS.pdb#22:B#CA	1UTS.pdb#22:B#Pi_Cation	1UTS.pdb#22:B#Pi_Anion	1UTS.pdb#22:B#Pi_Stacking	1UTS.pdb#22:B#Mg_mediated	1UTS.pdb#22:B#K_mediated	1UTS.pdb#22:B#Na_mediated	1UTS.pdb#22:B#Other_mediated	1UTS.pdb#22:B#Water_mediated	1UTS.pdb#22:B#Lipophilic	1UTS.pdb#23:B#HB	1UTS.pdb#23:B#HAL	1UTS.pdb#23:B#CA	1UTS.pdb#23:B#Pi_Cation	1UTS.pdb#23:B#Pi_Anion	1UTS.pdb#23:B#Pi_Stacking	1UTS.pdb#23:B#Mg_mediated	1UTS.pdb#23:B#K_mediated	1UTS.pdb#23:B#Na_mediated	1UTS.pdb#23:B#Other_mediated	1UTS.pdb#23:B#Water_mediated	1UTS.pdb#23:B#Lipophilic	1UTS.pdb#24:B#HB	1UTS.pdb#24:B#HAL	1UTS.pdb#24:B#CA	1UTS.pdb#24:B#Pi_Cation	1UTS.pdb#24:B#Pi_Anion	1UTS.pdb#24:B#Pi_Stacking	1UTS.pdb#24:B#Mg_mediated	1UTS.pdb#24:B#K_mediated	1UTS.pdb#24:B#Na_mediated	1UTS.pdb#24:B#Other_mediated	1UTS.pdb#24:B#Water_mediated	1UTS.pdb#24:B#Lipophilic	1UTS.pdb#25:B#HB	1UTS.pdb#25:B#HAL	1UTS.pdb#25:B#CA	1UTS.pdb#25:B#Pi_Cation	1UTS.pdb#25:B#Pi_Anion	1UTS.pdb#25:B#Pi_Stacking	1UTS.pdb#25:B#Mg_mediated	1UTS.pdb#25:B#K_mediated	1UTS.pdb#25:B#Na_mediated	1UTS.pdb#25:B#Other_mediated	1UTS.pdb#25:B#Water_mediated	1UTS.pdb#25:B#Lipophilic	1UTS.pdb#26:B#HB	1UTS.pdb#26:B#HAL	1UTS.pdb#26:B#CA	1UTS.pdb#26:B#Pi_Cation	1UTS.pdb#26:B#Pi_Anion	1UTS.pdb#26:B#Pi_Stacking	1UTS.pdb#26:B#Mg_mediated	1UTS.pdb#26:B#K_mediated	1UTS.pdb#26:B#Na_mediated	1UTS.pdb#26:B#Other_mediated	1UTS.pdb#26:B#Water_mediated	1UTS.pdb#26:B#Lipophilic	1UTS.pdb#27:B#HB	1UTS.pdb#27:B#HAL	1UTS.pdb#27:B#CA	1UTS.pdb#27:B#Pi_Cation	1UTS.pdb#27:B#Pi_Anion	1UTS.pdb#27:B#Pi_Stacking	1UTS.pdb#27:B#Mg_mediated	1UTS.pdb#27:B#K_mediated	1UTS.pdb#27:B#Na_mediated	1UTS.pdb#27:B#Other_mediated	1UTS.pdb#27:B#Water_mediated	1UTS.pdb#27:B#Lipophilic	1UTS.pdb#28:B#HB	1UTS.pdb#28:B#HAL	1UTS.pdb#28:B#CA	1UTS.pdb#28:B#Pi_Cation	1UTS.pdb#28:B#Pi_Anion	1UTS.pdb#28:B#Pi_Stacking	1UTS.pdb#28:B#Mg_mediated	1UTS.pdb#28:B#K_mediated	1UTS.pdb#28:B#Na_mediated	1UTS.pdb#28:B#Other_mediated	1UTS.pdb#28:B#Water_mediated	1UTS.pdb#28:B#Lipophilic	1UTS.pdb#29:B#HB	1UTS.pdb#29:B#HAL	1UTS.pdb#29:B#CA	1UTS.pdb#29:B#Pi_Cation	1UTS.pdb#29:B#Pi_Anion	1UTS.pdb#29:B#Pi_Stacking	1UTS.pdb#29:B#Mg_mediated	1UTS.pdb#29:B#K_mediated	1UTS.pdb#29:B#Na_mediated	1UTS.pdb#29:B#Other_mediated	1UTS.pdb#29:B#Water_mediated	1UTS.pdb#29:B#Lipophilic	1UTS.pdb#30:B#HB	1UTS.pdb#30:B#HAL	1UTS.pdb#30:B#CA	1UTS.pdb#30:B#Pi_Cation	1UTS.pdb#30:B#Pi_Anion	1UTS.pdb#30:B#Pi_Stacking	1UTS.pdb#30:B#Mg_mediated	1UTS.pdb#30:B#K_mediated	1UTS.pdb#30:B#Na_mediated	1UTS.pdb#30:B#Other_mediated	1UTS.pdb#30:B#Water_mediated	1UTS.pdb#30:B#Lipophilic	1UTS.pdb#31:B#HB	1UTS.pdb#31:B#HAL	1UTS.pdb#31:B#CA	1UTS.pdb#31:B#Pi_Cation	1UTS.pdb#31:B#Pi_Anion	1UTS.pdb#31:B#Pi_Stacking	1UTS.pdb#31:B#Mg_mediated	1UTS.pdb#31:B#K_mediated	1UTS.pdb#31:B#Na_mediated	1UTS.pdb#31:B#Other_mediated	1UTS.pdb#31:B#Water_mediated	1UTS.pdb#31:B#Lipophilic	1UTS.pdb#32:B#HB	1UTS.pdb#32:B#HAL	1UTS.pdb#32:B#CA	1UTS.pdb#32:B#Pi_Cation	1UTS.pdb#32:B#Pi_Anion	1UTS.pdb#32:B#Pi_Stacking	1UTS.pdb#32:B#Mg_mediated	1UTS.pdb#32:B#K_mediated	1UTS.pdb#32:B#Na_mediated	1UTS.pdb#32:B#Other_mediated	1UTS.pdb#32:B#Water_mediated	1UTS.pdb#32:B#Lipophilic	1UTS.pdb#33:B#HB	1UTS.pdb#33:B#HAL	1UTS.pdb#33:B#CA	1UTS.pdb#33:B#Pi_Cation	1UTS.pdb#33:B#Pi_Anion	1UTS.pdb#33:B#Pi_Stacking	1UTS.pdb#33:B#Mg_mediated	1UTS.pdb#33:B#K_mediated	1UTS.pdb#33:B#Na_mediated	1UTS.pdb#33:B#Other_mediated	1UTS.pdb#33:B#Water_mediated	1UTS.pdb#33:B#Lipophilic	1UTS.pdb#34:B#HB	1UTS.pdb#34:B#HAL	1UTS.pdb#34:B#CA	1UTS.pdb#34:B#Pi_Cation	1UTS.pdb#34:B#Pi_Anion	1UTS.pdb#34:B#Pi_Stacking	1UTS.pdb#34:B#Mg_mediated	1UTS.pdb#34:B#K_mediated	1UTS.pdb#34:B#Na_mediated	1UTS.pdb#34:B#Other_mediated	1UTS.pdb#34:B#Water_mediated	1UTS.pdb#34:B#Lipophilic	1UTS.pdb#35:B#HB	1UTS.pdb#35:B#HAL	1UTS.pdb#35:B#CA	1UTS.pdb#35:B#Pi_Cation	1UTS.pdb#35:B#Pi_Anion	1UTS.pdb#35:B#Pi_Stacking	1UTS.pdb#35:B#Mg_mediated	1UTS.pdb#35:B#K_mediated	1UTS.pdb#35:B#Na_mediated	1UTS.pdb#35:B#Other_mediated	1UTS.pdb#35:B#Water_mediated	1UTS.pdb#35:B#Lipophilic	1UTS.pdb#36:B#HB	1UTS.pdb#36:B#HAL	1UTS.pdb#36:B#CA	1UTS.pdb#36:B#Pi_Cation	1UTS.pdb#36:B#Pi_Anion	1UTS.pdb#36:B#Pi_Stacking	1UTS.pdb#36:B#Mg_mediated	1UTS.pdb#36:B#K_mediated	1UTS.pdb#36:B#Na_mediated	1UTS.pdb#36:B#Other_mediated	1UTS.pdb#36:B#Water_mediated	1UTS.pdb#36:B#Lipophilic	1UTS.pdb#37:B#HB	1UTS.pdb#37:B#HAL	1UTS.pdb#37:B#CA	1UTS.pdb#37:B#Pi_Cation	1UTS.pdb#37:B#Pi_Anion	1UTS.pdb#37:B#Pi_Stacking	1UTS.pdb#37:B#Mg_mediated	1UTS.pdb#37:B#K_mediated	1UTS.pdb#37:B#Na_mediated	1UTS.pdb#37:B#Other_mediated	1UTS.pdb#37:B#Water_mediated	1UTS.pdb#37:B#Lipophilic	1UTS.pdb#38:B#HB	1UTS.pdb#38:B#HAL	1UTS.pdb#38:B#CA	1UTS.pdb#38:B#Pi_Cation	1UTS.pdb#38:B#Pi_Anion	1UTS.pdb#38:B#Pi_Stacking	1UTS.pdb#38:B#Mg_mediated	1UTS.pdb#38:B#K_mediated	1UTS.pdb#38:B#Na_mediated	1UTS.pdb#38:B#Other_mediated	1UTS.pdb#38:B#Water_mediated	1UTS.pdb#38:B#Lipophilic	1UTS.pdb#39:B#HB	1UTS.pdb#39:B#HAL	1UTS.pdb#39:B#CA	1UTS.pdb#39:B#Pi_Cation	1UTS.pdb#39:B#Pi_Anion	1UTS.pdb#39:B#Pi_Stacking	1UTS.pdb#39:B#Mg_mediated	1UTS.pdb#39:B#K_mediated	1UTS.pdb#39:B#Na_mediated	1UTS.pdb#39:B#Other_mediated	1UTS.pdb#39:B#Water_mediated	1UTS.pdb#39:B#Lipophilic	1UTS.pdb#40:B#HB	1UTS.pdb#40:B#HAL	1UTS.pdb#40:B#CA	1UTS.pdb#40:B#Pi_Cation	1UTS.pdb#40:B#Pi_Anion	1UTS.pdb#40:B#Pi_Stacking	1UTS.pdb#40:B#Mg_mediated	1UTS.pdb#40:B#K_mediated	1UTS.pdb#40:B#Na_mediated	1UTS.pdb#40:B#Other_mediated	1UTS.pdb#40:B#Water_mediated	1UTS.pdb#40:B#Lipophilic	1UTS.pdb#41:B#HB	1UTS.pdb#41:B#HAL	1UTS.pdb#41:B#CA	1UTS.pdb#41:B#Pi_Cation	1UTS.pdb#41:B#Pi_Anion	1UTS.pdb#41:B#Pi_Stacking	1UTS.pdb#41:B#Mg_mediated	1UTS.pdb#41:B#K_mediated	1UTS.pdb#41:B#Na_mediated	1UTS.pdb#41:B#Other_mediated	1UTS.pdb#41:B#Water_mediated	1UTS.pdb#41:B#Lipophilic	1UTS.pdb#42:B#HB	1UTS.pdb#42:B#HAL	1UTS.pdb#42:B#CA	1UTS.pdb#42:B#Pi_Cation	1UTS.pdb#42:B#Pi_Anion	1UTS.pdb#42:B#Pi_Stacking	1UTS.pdb#42:B#Mg_mediated	1UTS.pdb#42:B#K_mediated	1UTS.pdb#42:B#Na_mediated	1UTS.pdb#42:B#Other_mediated	1UTS.pdb#42:B#Water_mediated	1UTS.pdb#42:B#Lipophilic	1UTS.pdb#43:B#HB	1UTS.pdb#43:B#HAL	1UTS.pdb#43:B#CA	1UTS.pdb#43:B#Pi_Cation	1UTS.pdb#43:B#Pi_Anion	1UTS.pdb#43:B#Pi_Stacking	1UTS.pdb#43:B#Mg_mediated	1UTS.pdb#43:B#K_mediated	1UTS.pdb#43:B#Na_mediated	1UTS.pdb#43:B#Other_mediated	1UTS.pdb#43:B#Water_mediated	1UTS.pdb#43:B#Lipophilic	1UTS.pdb#44:B#HB	1UTS.pdb#44:B#HAL	1UTS.pdb#44:B#CA	1UTS.pdb#44:B#Pi_Cation	1UTS.pdb#44:B#Pi_Anion	1UTS.pdb#44:B#Pi_Stacking	1UTS.pdb#44:B#Mg_mediated	1UTS.pdb#44:B#K_mediated	1UTS.pdb#44:B#Na_mediated	1UTS.pdb#44:B#Other_mediated	1UTS.pdb#44:B#Water_mediated	1UTS.pdb#44:B#Lipophilic	1UTS.pdb#45:B#HB	1UTS.pdb#45:B#HAL	1UTS.pdb#45:B#CA	1UTS.pdb#45:B#Pi_Cation	1UTS.pdb#45:B#Pi_Anion	1UTS.pdb#45:B#Pi_Stacking	1UTS.pdb#45:B#Mg_mediated	1UTS.pdb#45:B#K_mediated	1UTS.pdb#45:B#Na_mediated	1UTS.pdb#45:B#Other_mediated	1UTS.pdb#45:B#Water_mediated	1UTS.pdb#45:B#Lipophilic	activity
14b	0	0	0	0	0	0	0	0	0	0		0	0	0	0	0	0	0	0	0	0	0		0	0	0	0	0	0	0	0	0	0	0		0	0	0	0	0	0	0	0	0	0	0		0	1	0	0	0	0	0	0	0	0	0		1	1	0	0	0	0	0	0	0	0	0		1	1	0	0	0	0	0	0	0	0	0		1	1	0	0	0	0	0	0	0	0	0		0	0	0	0	0	0	0	0	0	0	0		0	1	0	0	0	0	0	0	0	0	0		0	1	0	0	0	0	0	0	0	0	0		1	0	0	0	0	0	0	0	0	0	0		0	0	0	0	0	0	0	0	0	0	0		0	0	0	0	0	0	0	0	0	0	0		0	0	0	0	0	0	0	0	0	0	0		0	0	0	0	0	0	0	0	0	0	0		0	0	0	0	0	0	0	0	0	0	0		0	0	0	0	0	0	0	0	0	0	0		0	0	0	0	0	0	0	0	0	0	0		0	0	0	0	0	0	0	0	0	0	0		0	0	0	0	0	0	0	0	0	0	0		0	0	0	0	0	0	0	0	0	0	0		0	1	0	0	0	0	0	0	0	0	0		1	1	0	0	0	0	0	0	0	0	0		1	1	0	0	0	0	0	0	0	0	0		0	0	0	0	0	0	0	0	0	0	0		0	0	0	0	0	0	0	0	0	0	0		0	0	0	0	0	0	0	0	0	0	0		0	0	0	0	0	0	0	0	0	0	0		0	1
6b	0	0	0	0	0	0	0	0	0	0		0	0	0	0	0	0	0	0	0	0	0		0	0	0	0	0	0	0	0	0	0	0		0	0	0	0	0	0	0	0	0	0	0		0	0	0	0	0	0	0	0	0	0	0		0	1	0	0	0	0	0	0	0	0	0		1	1	0	0	0	0	1	0	0	0	0		1	0	0	0	0	0	0	0	0	0	0		0	0	0	0	0	0	0	0	0	0	0		0	1	0	0	0	0	0	0	0	0	0		1	1	0	0	0	0	0	0	0	0	0		0	0	0	0	0	0	0	0	0	0	0		0	0	0	0	0	0	0	0	0	0	0		0	0	0	0	0	0	0	0	0	0	0		0	0	0	0	0	0	0	0	0	0	0		0	0	0	0	0	0	0	0	0	0	0		0	0	0	0	0	0	0	0	0	0	0		0	0	0	0	0	0	0	0	0	0	0		0	0	0	0	0	0	0	0	0	0	0		0	0	0	0	0	0	0	0	0	0	0		0	0	0	0	0	0	0	0	0	0	0		0	0	0	0	0	0	0	0	0	0	0		0	0	0	0	0	0	0	0	0	0	0		0	1	0	0	0	0	0	0	0	0	0		0	0	0	0	0	0	0	0	0	0	0		0	0	0	0	0	0	0	0	0	0	0		0	0	0	0	0	0	0	0	0	0	0		0	0	0	0	0	0	0	0	0	0	0		0	0	0	0	0	0	0	0	0	0	0		0	1
9d	0	0	0	0	0	0	0	0	0	0		0	0	0	0	0	0	0	0	0	0	0		0	0	0	0	0	0	0	0	0	0	0		0	0	0	0	0	0	0	0	0	0	0		0	0	0	0	0	0	0	0	0	0	0		0	0	0	0	0	0	0	0	0	0	0		1	1	0	0	0	0	0	0	0	0	0		1	1	0	0	0	0	0	0	0	0	0		1	0	0	0	0	0	0	0	0	0	0		0	1	0	0	0	0	0	0	0	0	0		1	1	0	0	0	0	0	0	0	0	0		0	0	0	0	0	0	0	0	0	0	0		0	0	0	0	0	0	0	0	0	0	0		0	0	0	0	0	0	0	0	0	0	0		0	0	0	0	0	0	0	0	0	0	0		0	0	0	0	0	0	0	0	0	0	0		0	0	0	0	0	0	0	0	0	0	0		0	0	0	0	0	0	0	0	0	0	0		0	0	0	0	0	0	0	0	0	0	0		0	0	0	0	0	0	0	0	0	0	0		0	0	0	0	0	0	0	0	0	0	0		0	0	0	0	0	0	0	0	0	0	0		0	1	0	0	0	0	0	0	0	0	0		0	0	0	0	0	0	0	0	0	0	0		1	0	0	0	0	0	0	0	0	0	0		0	0	0	0	0	0	0	0	0	0	0		0	0	0	0	0	0	0	0	0	0	0		0	0	0	0	0	0	0	0	0	0	0		0	0	0	0	0	0	0	0	0	0	0		0	1
Amiloride_19	0	0	0	0	0	0	0	0	0	0		0	0	0	0	0	0	0	0	0	0	0		0	0	0	0	0	0	0	0	0	0	0		0	0	0	0	0	0	0	0	0	0	0		0	0	0	0	0	0	0	0	0	0	0		0	1	0	0	0	0	0	0	0	0	0		1	1	0	0	0	0	0	0	0	0	0		1	1	0	0	0	0	0	0	0	0	0		0	0	0	0	0	0	0	0	0	0	0		0	1	0	0	0	0	0	0	0	0	0		1	1	0	0	0	0	0	0	0	0	0		0	0	0	0	0	0	0	0	0	0	0		0	0	0	0	0	0	0	0	0	0	0		0	0	0	0	0	0	0	0	0	0	0		0	0	0	0	0	0	0	0	0	0	0		0	0	0	0	0	0	0	0	0	0	0		0	0	0	0	0	0	0	0	0	0	0		0	0	0	0	0	0	0	0	0	0	0		0	0	0	0	0	0	0	0	0	0	0		0	0	0	0	0	0	0	0	0	0	0		0	0	0	0	0	0	0	0	0	0	0		0	0	0	0	0	0	0	0	0	0	0		0	0	0	0	0	0	0	0	0	0	0		0	0	0	0	0	0	0	0	0	0	0		0	0	0	0	0	0	0	0	0	0	0		0	0	0	0	0	0	0	0	0	0	0		0	0	0	0	0	0	0	0	0	0	0		0	0	0	0	0	0	0	0	0	0	0		0	0	0	0	0	0	0	0	0	0	0		0	1
Amiloride_20	0	0	0	0	0	0	0	0	0	0		0	0	0	0	0	0	0	0	0	0	0		0	0	0	0	0	0	0	0	0	0	0		0	0	0	0	0	0	0	0	0	0	0		0	0	0	0	0	0	0	0	0	0	0		0	1	0	0	0	0	0	0	0	0	0		1	1	0	0	0	0	0	0	0	0	0		1	1	0	0	0	0	0	0	0	0	0		0	0	0	0	0	0	0	0	0	0	0		0	1	0	0	0	0	1	0	0	0	0		1	1	0	0	0	0	0	0	0	0	0		1	0	0	0	0	0	0	0	0	0	0		0	0	0	0	0	0	0	0	0	0	0		0	0	0	0	0	0	0	0	0	0	0		0	0	0	0	0	0	0	0	0	0	0		0	0	0	0	0	0	0	0	0	0	0		0	0	0	0	0	0	0	0	0	0	0		0	0	0	0	0	0	0	0	0	0	0		0	0	0	0	0	0	0	0	0	0	0		0	0	0	0	0	0	0	0	0	0	0		0	0	0	0	0	0	0	0	0	0	0		0	0	0	0	0	0	0	0	0	0	0		0	1	0	0	0	0	0	0	0	0	0		0	0	0	0	0	0	0	0	0	0	0		0	0	0	0	0	0	0	0	0	0	0		0	0	0	0	0	0	0	0	0	0	0		0	0	0	0	0	0	0	0	0	0	0		0	0	0	0	0	0	0	0	0	0	0		0	0	0	0	0	0	0	0	0	0	0		0	1
Amiloride_22d	0	0	0	0	0	0	0	0	0	0		0	0	0	0	0	0	0	0	0	0	0		0	0	0	0	0	0	0	0	0	0	0		0	0	0	0	0	0	0	0	0	0	0		0	0	0	0	0	0	0	0	0	0	0		0	1	0	0	0	0	1	0	0	0	0		1	1	0	0	0	0	0	0	0	0	0		1	0	0	0	0	0	0	0	0	0	0		0	0	0	0	0	0	0	0	0	0	0		0	1	0	0	0	0	0	0	0	0	0		1	1	0	0	0	0	0	0	0	0	0		0	0	0	0	0	0	0	0	0	0	0		0	0	0	0	0	0	0	0	0	0	0		0	0	0	0	0	0	0	0	0	0	0		0	0	0	0	0	0	0	0	0	0	0		0	0	0	0	0	0	0	0	0	0	0		0	0	0	0	0	0	0	0	0	0	0		0	0	0	0	0	0	0	0	0	0	0		0	0	0	0	0	0	0	0	0	0	0		0	0	0	0	0	0	0	0	0	0	0		0	0	0	0	0	0	0	0	0	0	0		0	0	0	0	0	0	0	0	0	0	0		0	0	0	0	0	0	0	0	0	0	0		0	0	0	0	0	0	0	0	0	0	0		0	0	0	0	0	0	0	0	0	0	0		1	0	0	0	0	0	0	0	0	0	0		0	0	0	0	0	0	0	0	0	0	0		0	0	0	0	0	0	0	0	0	0	0		0	0	0	0	0	0	0	0	0	0	0		0	1
Amiloride_24	0	0	0	0	0	0	0	0	0	0		0	0	0	0	0	0	0	0	0	0	0		0	0	0	0	0	0	0	0	0	0	0		0	0	0	0	0	0	0	0	0	0	0		0	0	0	0	0	0	0	0	0	0	0		0	1	0	0	0	0	0	0	0	0	0		1	1	0	0	0	0	0	0	0	0	0		1	0	0	0	0	0	0	0	0	0	0		0	0	0	0	0	0	0	0	0	0	0		0	0	0	0	0	0	0	0	0	0	0		0	0	0	0	0	0	1	0	0	0	0		1	0	0	0	0	0	0	0	0	0	0		0	0	0	0	0	0	0	0	0	0	0		0	0	0	0	0	0	0	0	0	0	0		0	0	0	0	0	0	0	0	0	0	0		0	0	0	0	0	0	0	0	0	0	0		0	0	0	0	0	0	0	0	0	0	0		0	0	0	0	0	0	0	0	0	0	0		0	0	0	0	0	0	0	0	0	0	0		0	0	0	0	0	0	0	0	0	0	0		0	0	0	0	0	0	0	0	0	0	0		0	0	0	0	0	0	0	0	0	0	0		0	1	0	0	0	0	0	0	0	0	0		1	0	0	0	0	0	1	0	0	0	0		1	1	0	0	0	0	0	0	0	0	0		0	0	0	0	0	0	0	0	0	0	0		0	0	0	0	0	0	0	0	0	0	0		0	0	0	0	0	0	0	0	0	0	0		0	0	0	0	0	0	0	0	0	0	0		0	1
Amiloride_4d	0	0	0	0	0	0	0	0	0	0		0	0	0	0	0	0	0	0	0	0	0		0	0	0	0	0	0	0	0	0	0	0		0	0	0	0	0	0	0	0	0	0	0		0	0	0	0	0	0	0	0	0	0	0		0	1	0	0	0	0	0	0	0	0	0		1	1	0	0	0	0	0	0	0	0	0		1	1	0	0	0	0	0	0	0	0	0		0	0	0	0	0	0	0	0	0	0	0		0	1	0	0	0	0	0	0	0	0	0		1	1	0	0	0	0	0	0	0	0	0		1	0	0	0	0	0	0	0	0	0	0		0	0	0	0	0	0	0	0	0	0	0		0	0	0	0	0	0	0	0	0	0	0		0	0	0	0	0	0	0	0	0	0	0		0	0	0	0	0	0	0	0	0	0	0		0	0	0	0	0	0	0	0	0	0	0		0	0	0	0	0	0	0	0	0	0	0		0	0	0	0	0	0	0	0	0	0	0		0	0	0	0	0	0	0	0	0	0	0		0	0	0	0	0	0	0	0	0	0	0		0	0	0	0	0	0	0	0	0	0	0		0	0	1	0	0	0	0	0	0	0	0		0	0	0	0	0	0	0	0	0	0	0		1	0	0	0	0	0	0	0	0	0	0		0	0	0	0	0	0	0	0	0	0	0		0	0	0	0	0	0	0	0	0	0	0		0	0	0	0	0	0	0	0	0	0	0		0	0	0	0	0	0	0	0	0	0	0		0	1
Amiloride_4h	0	0	0	0	0	0	0	0	0	0		0	0	0	0	0	0	0	0	0	0	0		0	0	0	0	0	0	0	0	0	0	0		0	0	0	0	0	0	0	0	0	0	0		0	0	0	0	0	0	0	0	0	0	0		0	1	0	0	0	0	0	0	0	0	0		1	1	0	0	0	0	0	0	0	0	0		1	1	0	0	0	0	0	0	0	0	0		0	0	0	0	0	0	0	0	0	0	0		0	1	0	0	0	0	0	0	0	0	0		1	1	0	0	0	0	0	0	0	0	0		0	0	0	0	0	0	0	0	0	0	0		0	0	0	0	0	0	0	0	0	0	0		0	0	0	0	0	0	0	0	0	0	0		0	0	0	0	0	0	0	0	0	0	0		0	0	0	0	0	0	0	0	0	0	0		0	0	0	0	0	0	0	0	0	0	0		0	0	0	0	0	0	0	0	0	0	0		0	0	0	0	0	0	0	0	0	0	0		0	0	0	0	0	0	0	0	0	0	0		0	0	0	0	0	0	0	0	0	0	0		0	0	0	0	0	0	0	0	0	0	0		0	0	0	0	0	0	0	0	0	0	0		0	0	0	0	0	0	0	0	0	0	0		0	0	0	0	0	0	0	0	0	0	0		0	0	0	0	0	0	0	0	0	0	0		0	0	0	0	0	0	0	0	0	0	0		0	0	0	0	0	0	0	0	0	0	0		0	0	0	0	0	0	0	0	0	0	0		0	1
Amiloride_4k	0	0	0	0	0	0	0	0	0	0		0	0	0	0	0	0	0	0	0	0	0		0	0	0	0	0	0	0	0	0	0	0		0	0	0	0	0	0	0	0	0	0	0		0	0	0	0	0	0	0	0	0	0	0		0	1	0	0	0	0	0	0	0	0	0		1	1	0	0	0	0	1	0	0	0	0		1	0	0	0	0	0	0	0	0	0	0		0	0	0	0	0	0	0	0	0	0	0		0	1	0	0	0	0	0	0	0	0	0		1	0	0	0	0	0	0	0	0	0	0		0	0	0	0	0	0	0	0	0	0	0		0	0	0	0	0	0	0	0	0	0	0		0	0	0	0	0	0	0	0	0	0	0		0	0	0	0	0	0	0	0	0	0	0		0	0	0	0	0	0	0	0	0	0	0		0	0	0	0	0	0	0	0	0	0	0		0	0	0	0	0	0	0	0	0	0	0		0	0	0	0	0	0	0	0	0	0	0		0	0	0	0	0	0	0	0	0	0	0		0	0	0	0	0	0	0	0	0	0	0		0	0	0	0	0	0	0	0	0	0	0		0	1	0	0	0	0	0	0	0	0	0		0	1	0	0	0	0	0	0	0	0	0		1	0	0	0	0	0	0	0	0	0	0		0	0	0	0	0	0	0	0	0	0	0		0	0	0	0	0	0	0	0	0	0	0		0	0	0	0	0	0	0	0	0	0	0		0	0	0	0	0	0	0	0	0	0	0		0	1
Amiloride_4l	0	0	0	0	0	0	0	0	0	0		0	0	0	0	0	0	0	0	0	0	0		0	0	0	0	0	0	0	0	0	0	0		0	0	0	0	0	0	0	0	0	0	0		0	0	0	0	0	0	0	0	0	0	0		0	1	0	0	0	0	0	0	0	0	0		1	1	0	0	0	0	0	0	0	0	0		1	1	0	0	0	0	0	0	0	0	0		0	0	0	0	0	0	0	0	0	0	0		0	1	0	0	0	0	0	0	0	0	0		1	1	0	0	0	0	1	0	0	0	0		1	0	0	0	0	0	0	0	0	0	0		0	0	0	0	0	0	0	0	0	0	0		0	0	0	0	0	0	0	0	0	0	0		0	0	0	0	0	0	0	0	0	0	0		0	0	0	0	0	0	0	0	0	0	0		0	0	0	0	0	0	0	0	0	0	0		0	0	0	0	0	0	0	0	0	0	0		0	0	0	0	0	0	0	0	0	0	0		0	0	0	0	0	0	0	0	0	0	0		0	0	0	0	0	0	0	0	0	0	0		0	0	0	0	0	0	0	0	0	0	0		0	0	1	0	0	0	0	0	0	0	0		0	1	0	0	0	0	0	0	0	0	0		1	0	0	0	0	0	0	0	0	0	0		0	0	0	0	0	0	0	0	0	0	0		0	0	0	0	0	0	0	0	0	0	0		0	0	0	0	0	0	0	0	0	0	0		0	0	0	0	0	0	0	0	0	0	0		0	1
Amiloride_9	0	0	0	0	0	0	0	0	0	0		0	0	0	0	0	0	0	0	0	0	0		0	0	0	0	0	0	0	0	0	0	0		0	0	0	0	0	0	0	0	0	0	0		0	0	0	0	0	0	0	0	0	0	0		0	1	0	0	0	0	0	0	0	0	0		0	1	0	0	0	0	0	0	0	0	0		0	1	0	0	0	0	0	0	0	0	0		0	0	0	0	0	0	0	0	0	0	0		0	1	0	0	0	0	1	0	0	0	0		1	1	0	0	0	0	0	0	0	0	0		1	0	0	0	0	0	0	0	0	0	0		0	0	0	0	0	0	0	0	0	0	0		0	0	0	0	0	0	0	0	0	0	0		0	0	0	0	0	0	0	0	0	0	0		0	0	0	0	0	0	0	0	0	0	0		0	0	0	0	0	0	0	0	0	0	0		0	0	0	0	0	0	0	0	0	0	0		0	0	0	0	0	0	0	0	0	0	0		0	0	0	0	0	0	0	0	0	0	0		0	0	0	0	0	0	0	0	0	0	0		0	0	0	0	0	0	0	0	0	0	0		0	0	1	0	0	0	0	0	0	0	0		0	1	0	0	0	0	0	0	0	0	0		1	0	0	0	0	0	0	0	0	0	0		0	0	0	0	0	0	0	0	0	0	0		0	0	0	0	0	0	0	0	0	0	0		0	0	0	0	0	0	0	0	0	0	0		0	0	0	0	0	0	0	0	0	0	0		0	1
Dimethyl_amiloride	0	0	0	0	0	0	0	0	0	0		0	0	0	0	0	0	0	0	0	0	0		0	0	0	0	0	0	0	0	0	0	0		0	0	0	0	0	0	0	0	0	0	0		0	0	0	0	0	0	0	0	0	0	0		0	0	0	0	0	0	0	0	0	0	0		0	1	0	0	0	0	0	0	0	0	0		0	1	0	0	0	0	0	0	0	0	0		0	0	0	0	0	0	0	0	0	0	0		0	1	0	0	0	0	0	0	0	0	0		0	1	0	0	0	0	0	0	0	0	0		1	0	0	0	0	0	0	0	0	0	0		0	0	0	0	0	0	0	0	0	0	0		0	0	0	0	0	0	0	0	0	0	0		0	0	0	0	0	0	0	0	0	0	0		0	0	0	0	0	0	0	0	0	0	0		0	0	0	0	0	0	0	0	0	0	0		0	0	0	0	0	0	0	0	0	0	0		0	0	0	0	0	0	0	0	0	0	0		0	0	0	0	0	0	0	0	0	0	0		0	0	0	0	0	0	0	0	0	0	0		0	0	0	0	0	0	0	0	0	0	0		0	1	0	0	0	0	0	0	0	0	0		1	0	0	0	0	0	0	0	0	0	0		0	0	0	0	0	0	0	0	0	0	0		0	0	0	0	0	0	0	0	0	0	0		0	0	0	0	0	0	0	0	0	0	0		0	0	0	0	0	0	0	0	0	0	0		0	0	0	0	0	0	0	0	0	0	0		0	1
MV2003	0	0	0	0	0	0	0	0	0	0		0	0	0	0	0	0	0	0	0	0	0		0	0	0	0	0	0	0	0	0	0	0		0	0	0	0	0	0	0	0	0	0	0		0	0	0	0	0	0	0	0	0	0	0		0	1	0	0	0	0	0	0	0	0	0		1	1	0	0	0	0	0	0	0	0	0		1	1	0	0	0	0	0	0	0	0	0		0	0	0	0	0	0	0	0	0	0	0		0	1	0	0	0	0	0	0	0	0	0		1	1	0	0	0	0	0	0	0	0	0		1	0	0	0	0	0	0	0	0	0	0		0	0	0	0	0	0	0	0	0	0	0		0	0	0	0	0	0	0	0	0	0	0		0	0	0	0	0	0	0	0	0	0	0		0	0	0	0	0	0	0	0	0	0	0		0	0	0	0	0	0	0	0	0	0	0		0	0	0	0	0	0	0	0	0	0	0		0	0	0	0	0	0	0	0	0	0	0		0	0	0	0	0	0	0	0	0	0	0		0	0	0	0	0	0	0	0	0	0	0		0	0	0	0	0	0	0	0	0	0	0		0	0	0	0	0	0	0	0	0	0	0		1	0	0	0	0	0	0	0	0	0	0		0	0	0	0	0	0	0	0	0	0	0		0	0	0	0	0	0	0	0	0	0	0		0	0	0	0	0	0	0	0	0	0	0		0	0	0	0	0	0	0	0	0	0	0		0	0	0	0	0	0	0	0	0	0	0		0	1
Mitoxantrone	0	0	0	0	0	0	0	0	0	0		0	0	0	0	0	0	0	0	0	0	0		0	0	0	0	0	0	0	0	0	0	0		0	0	0	0	0	0	0	0	0	0	0		0	1	0	0	0	0	0	0	0	0	0		0	1	0	0	0	0	0	0	0	0	0		1	1	0	0	0	0	0	0	0	0	0		1	0	0	0	0	1	0	0	0	0	0		0	0	0	0	0	0	0	0	0	0	0		0	1	0	0	0	0	0	0	0	0	0		1	1	0	0	0	0	0	0	0	0	0		1	0	0	0	0	0	0	0	0	0	0		0	0	0	0	0	0	0	0	0	0	0		0	0	0	0	0	0	0	0	0	0	0		0	0	0	0	0	0	0	0	0	0	0		0	0	0	0	0	0	0	0	0	0	0		0	0	0	0	0	0	0	0	0	0	0		0	0	0	0	0	0	0	0	0	0	0		0	0	0	0	0	0	0	0	0	0	0		0	0	0	0	0	0	0	0	0	0	0		0	0	0	0	0	0	0	0	0	0	0		0	0	0	0	0	0	0	0	0	0	0		0	1	0	0	0	0	0	0	0	0	0		1	0	0	0	0	0	0	0	0	0	0		0	1	0	0	0	0	0	0	0	0	0		0	0	0	0	0	0	0	0	0	0	0		0	0	0	0	0	0	0	0	0	0	0		0	0	0	0	0	0	0	0	0	0	0		0	0	0	0	0	0	0	0	0	0	0		0	1
ST0143353	0	0	0	0	0	0	0	0	0	0		0	0	0	0	0	0	0	0	0	0	0		0	0	0	0	0	0	0	0	0	0	0		0	0	0	0	0	0	0	0	0	0	0		0	0	0	0	0	0	0	0	0	0	0		0	0	1	0	0	0	0	0	0	0	0		1	0	0	0	0	0	0	0	0	0	0		1	0	0	0	0	0	0	0	0	0	0		0	0	0	0	0	0	0	0	0	0	0		0	1	0	0	0	0	0	0	0	0	0		0	1	0	0	0	0	0	0	0	0	0		1	0	0	0	0	0	0	0	0	0	0		0	0	0	0	0	0	0	0	0	0	0		0	0	0	0	0	0	0	0	0	0	0		0	0	0	0	0	0	0	0	0	0	0		0	0	0	0	0	0	0	0	0	0	0		0	0	0	0	0	0	0	0	0	0	0		0	0	0	0	0	0	0	0	0	0	0		0	0	0	0	0	0	0	0	0	0	0		0	0	0	0	0	0	0	0	0	0	0		0	0	0	0	0	0	0	0	0	0	0		0	0	0	0	0	0	0	0	0	0	0		0	0	0	0	0	0	0	0	0	0	0		1	0	0	0	0	0	0	0	0	0	0		0	0	0	0	0	0	0	0	0	0	0		0	0	0	0	0	0	0	0	0	0	0		0	0	0	0	0	0	0	0	0	0	0		0	0	0	0	0	0	0	0	0	0	0		0	0	0	0	0	0	0	0	0	0	0		0	1
ST4133609	0	0	0	0	0	0	0	0	0	0		0	0	0	0	0	0	0	0	0	0	0		0	0	0	0	0	0	0	0	0	0	0		0	0	0	0	0	0	0	0	0	0	0		0	0	0	0	0	0	0	0	0	0	0		0	0	0	0	0	0	1	0	0	0	0		1	0	0	0	0	0	0	0	0	0	0		1	0	0	0	0	0	0	0	0	0	0		0	0	0	0	0	0	0	0	0	0	0		0	0	0	0	0	0	0	0	0	0	0		0	0	0	0	0	0	0	0	0	0	0		1	0	0	0	0	0	0	0	0	0	0		0	0	0	0	0	0	0	0	0	0	0		0	0	0	0	0	0	0	0	0	0	0		0	0	0	0	0	0	0	0	0	0	0		0	0	0	0	0	0	0	0	0	0	0		0	0	0	0	0	0	0	0	0	0	0		0	0	0	0	0	0	0	0	0	0	0		0	0	0	0	0	0	0	0	0	0	0		0	0	0	0	0	0	0	0	0	0	0		0	0	0	0	0	0	0	0	0	0	0		0	0	0	0	0	0	0	0	0	0	0		0	1	0	0	0	0	0	0	0	0	0		1	1	0	0	0	0	0	0	0	0	0		0	0	0	0	0	0	0	0	0	0	0		0	0	0	0	0	0	0	0	0	0	0		0	0	0	0	0	0	0	0	0	0	0		0	0	0	0	0	0	0	0	0	0	0		0	0	0	0	0	0	0	0	0	0	0		0	1
Sisomicin	0	0	0	0	0	0	0	0	0	0		0	0	0	0	0	0	0	0	0	0	0		0	0	0	0	0	0	0	0	0	0	0		0	0	0	0	0	0	0	0	0	0	0		0	0	0	0	0	0	0	0	0	0	0		0	1	0	0	0	0	0	0	0	0	0		1	1	0	0	0	0	0	0	0	0	0		0	0	0	0	0	0	0	0	0	0	0		0	0	0	0	0	0	0	0	0	0	0		0	1	0	0	0	0	0	0	0	0	0		0	1	0	0	0	0	0	0	0	0	0		1	0	0	0	0	0	0	0	0	0	0		0	0	0	0	0	0	0	0	0	0	0		0	0	0	0	0	0	0	0	0	0	0		0	0	0	0	0	0	0	0	0	0	0		0	0	0	0	0	0	0	0	0	0	0		0	0	0	0	0	0	0	0	0	0	0		0	0	0	0	0	0	0	0	0	0	0		0	0	0	0	0	0	0	0	0	0	0		0	0	0	0	0	0	0	0	0	0	0		0	0	0	0	0	0	0	0	0	0	0		0	0	0	0	0	0	0	0	0	0	0		0	0	0	0	0	0	0	0	0	0	0		1	1	0	0	0	0	0	0	0	0	0		1	0	0	0	0	0	0	0	0	0	0		1	0	0	0	0	0	0	0	0	0	0		0	0	0	0	0	0	0	0	0	0	0		0	0	0	0	0	0	0	0	0	0	0		0	0	0	0	0	0	0	0	0	0	0		0	1
WM5_10	0	0	0	0	0	0	0	0	0	0		0	0	0	0	0	0	0	0	0	0	0		0	0	0	0	0	0	0	0	0	0	0		0	0	0	0	0	0	0	0	0	0	0		0	0	0	0	0	0	0	0	0	0	0		1	1	0	0	0	0	1	0	0	0	0		1	1	0	0	0	0	0	0	0	0	0		1	0	0	0	0	0	0	0	0	0	0		0	0	0	0	0	0	0	0	0	0	0		0	1	0	0	0	0	1	0	0	0	0		1	0	0	0	0	0	0	0	0	0	0		0	0	0	0	0	0	0	0	0	0	0		0	0	0	0	0	0	0	0	0	0	0		0	0	0	0	0	0	0	0	0	0	0		0	0	0	0	0	0	0	0	0	0	0		0	0	0	0	0	0	0	0	0	0	0		0	0	0	0	0	0	0	0	0	0	0		0	0	0	0	0	0	0	0	0	0	0		0	0	0	0	0	0	0	0	0	0	0		0	0	0	0	0	0	0	0	0	0	0		0	0	0	0	0	0	0	0	0	0	0		0	0	0	0	0	0	0	0	0	0	0		0	0	0	0	0	0	0	0	0	0	0		0	0	0	0	0	0	0	0	0	0	0		0	0	0	0	0	0	0	0	0	0	0		0	0	0	0	0	0	0	0	0	0	0		0	0	0	0	0	0	0	0	0	0	0		0	0	0	0	0	0	0	0	0	0	0		0	0	0	0	0	0	0	0	0	0	0		0	1
WM5_6	0	0	0	0	0	0	0	0	0	0		0	0	0	0	0	0	0	0	0	0	0		0	0	0	0	0	0	0	0	0	0	0		0	0	0	0	0	0	0	0	0	0	0		0	0	0	0	0	0	0	0	0	0	0		0	0	0	0	0	0	1	0	0	0	0		1	1	0	0	0	0	0	0	0	0	0		1	0	0	0	0	0	0	0	0	0	0		0	0	0	0	0	0	0	0	0	0	0		0	1	0	0	0	0	0	0	0	0	0		1	0	0	0	0	0	0	0	0	0	0		1	0	0	0	0	0	0	0	0	0	0		0	0	0	0	0	0	0	0	0	0	0		0	0	0	0	0	0	0	0	0	0	0		0	0	0	0	0	0	0	0	0	0	0		0	0	0	0	0	0	0	0	0	0	0		0	0	0	0	0	0	0	0	0	0	0		0	0	0	0	0	0	0	0	0	0	0		0	0	0	0	0	0	0	0	0	0	0		0	0	0	0	0	0	0	0	0	0	0		0	0	0	0	0	0	0	0	0	0	0		0	0	0	0	0	0	0	0	0	0	0		0	0	0	0	0	0	0	0	0	0	0		1	1	0	0	0	0	0	0	0	0	0		1	0	0	0	0	0	0	0	0	0	0		0	0	0	0	0	0	0	0	0	0	0		0	0	0	0	0	0	0	0	0	0	0		0	0	0	0	0	0	0	0	0	0	0		0	0	0	0	0	0	0	0	0	0	0		0	1
Zeiger17	0	0	0	0	0	0	0	0	0	0		0	0	0	0	0	0	0	0	0	0	0		0	0	0	0	0	0	0	0	0	0	0		0	0	0	0	0	0	0	0	0	0	0		0	0	0	0	0	0	0	0	0	0	0		0	0	0	0	0	0	0	0	0	0	0		1	1	0	0	0	0	0	0	0	0	0		0	1	0	0	0	0	0	0	0	0	0		0	0	0	0	0	0	0	0	0	0	0		0	1	0	0	0	0	1	0	0	0	0		0	1	0	0	0	0	0	0	0	0	0		1	0	0	0	0	0	0	0	0	0	0		0	0	0	0	0	0	0	0	0	0	0		0	0	0	0	0	0	0	0	0	0	0		0	0	0	0	0	0	0	0	0	0	0		0	0	0	0	0	0	0	0	0	0	0		0	0	0	0	0	0	0	0	0	0	0		0	0	0	0	0	0	0	0	0	0	0		0	0	0	0	0	0	0	0	0	0	0		0	0	0	0	0	0	0	0	0	0	0		0	0	0	0	0	0	0	0	0	0	0		0	0	0	0	0	0	0	0	0	0	0		0	0	0	0	0	0	0	0	0	0	0		0	0	0	0	0	0	0	0	0	0	0		0	0	0	0	0	0	0	0	0	0	0		0	0	0	0	0	0	0	0	0	0	0		0	0	0	0	0	0	0	0	0	0	0		0	0	0	0	0	0	0	0	0	0	0		0	0	0	0	0	0	0	0	0	0	0		0	1
Zeiger22	0	0	0	0	0	0	0	0	0	0		0	0	0	0	0	0	0	0	0	0	0		0	0	0	0	0	0	0	0	0	0	0		0	0	0	0	0	0	0	0	0	0	0		0	0	0	0	0	0	0	0	0	0	0		0	1	0	0	0	0	0	0	0	0	0		1	1	0	0	0	0	0	0	0	0	0		1	1	0	0	0	0	0	0	0	0	0		0	0	0	0	0	0	0	0	0	0	0		0	1	0	0	0	0	0	0	0	0	0		0	1	0	0	0	0	1	0	0	0	0		1	0	0	0	0	0	0	0	0	0	0		0	0	0	0	0	0	0	0	0	0	0		0	0	0	0	0	0	0	0	0	0	0		0	0	0	0	0	0	0	0	0	0	0		0	0	0	0	0	0	0	0	0	0	0		0	0	0	0	0	0	0	0	0	0	0		0	0	0	0	0	0	0	0	0	0	0		0	0	0	0	0	0	0	0	0	0	0		0	0	0	0	0	0	0	0	0	0	0		0	0	0	0	0	0	0	0	0	0	0		0	0	0	0	0	0	0	0	0	0	0		0	0	0	0	0	0	0	0	0	0	0		0	0	0	0	0	0	0	0	0	0	0		1	0	0	0	0	0	0	0	0	0	0		0	0	0	0	0	0	0	0	0	0	0		0	0	0	0	0	0	0	0	0	0	0		0	0	0	0	0	0	0	0	0	0	0		0	0	0	0	0	0	0	0	0	0	0		0	1
Zeiger23	0	0	0	0	0	0	0	0	0	0		0	0	0	0	0	0	0	0	0	0	0		0	0	0	0	0	0	0	0	0	0	0		0	0	0	0	0	0	0	0	0	0	0		0	0	0	0	0	0	0	0	0	0	0		0	1	0	0	0	0	0	0	0	0	0		0	1	0	0	0	0	0	0	0	0	0		0	1	0	0	0	0	0	0	0	0	0		0	0	0	0	0	0	0	0	0	0	0		0	1	0	0	0	0	0	0	0	0	0		1	1	0	0	0	0	0	0	0	0	0		0	0	0	0	0	0	0	0	0	0	0		0	0	0	0	0	0	0	0	0	0	0		0	0	0	0	0	0	0	0	0	0	0		0	0	0	0	0	0	0	0	0	0	0		0	0	0	0	0	0	0	0	0	0	0		0	0	0	0	0	0	0	0	0	0	0		0	0	0	0	0	0	0	0	0	0	0		0	0	0	0	0	0	0	0	0	0	0		0	0	0	0	0	0	0	0	0	0	0		0	0	0	0	0	0	0	0	0	0	0		0	0	0	0	0	0	0	0	0	0	0		0	0	0	0	0	0	0	0	0	0	0		0	0	0	0	0	0	0	0	0	0	0		1	0	0	0	0	0	0	0	0	0	0		0	0	0	0	0	0	0	0	0	0	0		0	0	0	0	0	0	0	0	0	0	0		0	0	0	0	0	0	0	0	0	0	0		0	0	0	0	0	0	0	0	0	0	0		0	1
Zeiger24	0	0	0	0	0	0	0	0	0	0		0	0	0	0	0	0	0	0	0	0	0		0	0	0	0	0	0	0	0	0	0	0		0	0	0	0	0	0	0	0	0	0	0		0	0	0	0	0	0	0	0	0	0	0		0	1	0	0	0	0	0	0	0	0	0		1	1	0	0	0	0	0	0	0	0	0		1	1	0	0	0	0	0	0	0	0	0		0	0	0	0	0	0	0	0	0	0	0		0	1	0	0	0	0	0	0	0	0	0		0	1	0	0	0	0	0	0	0	0	0		1	0	0	0	0	0	0	0	0	0	0		0	0	0	0	0	0	0	0	0	0	0		0	0	0	0	0	0	0	0	0	0	0		0	0	0	0	0	0	0	0	0	0	0		0	0	0	0	0	0	0	0	0	0	0		0	0	0	0	0	0	0	0	0	0	0		0	0	0	0	0	0	0	0	0	0	0		0	0	0	0	0	0	0	0	0	0	0		0	0	0	0	0	0	0	0	0	0	0		0	0	0	0	0	0	0	0	0	0	0		0	0	0	0	0	0	0	0	0	0	0		0	0	0	0	0	0	0	0	0	0	0		0	0	0	0	0	0	0	0	0	0	0		1	0	0	0	0	0	0	0	0	0	0		0	0	0	0	0	0	0	0	0	0	0		0	0	0	0	0	0	0	0	0	0	0		0	0	0	0	0	0	0	0	0	0	0		0	0	0	0	0	0	0	0	0	0	0		0	1
Zeiger25	0	0	0	0	0	0	0	0	0	0		0	0	0	0	0	0	0	0	0	0	0		0	0	0	0	0	0	0	0	0	0	0		0	0	0	0	0	0	0	0	0	0	0		0	0	0	0	0	0	0	0	0	0	0		0	1	0	0	0	0	0	0	0	0	0		1	1	0	0	0	0	0	0	0	0	0		1	1	0	0	0	0	0	0	0	0	0		0	0	0	0	0	0	0	0	0	0	0		0	1	0	0	0	0	0	0	0	0	0		0	1	0	0	0	0	1	0	0	0	0		1	0	0	0	0	0	0	0	0	0	0		0	0	0	0	0	0	0	0	0	0	0		0	0	0	0	0	0	0	0	0	0	0		0	0	0	0	0	0	0	0	0	0	0		0	0	0	0	0	0	0	0	0	0	0		0	0	0	0	0	0	0	0	0	0	0		0	0	0	0	0	0	0	0	0	0	0		0	0	0	0	0	0	0	0	0	0	0		0	0	0	0	0	0	0	0	0	0	0		0	0	0	0	0	0	0	0	0	0	0		0	0	0	0	0	0	0	0	0	0	0		0	0	0	0	0	0	0	0	0	0	0		0	0	0	0	0	0	0	0	0	0	0		1	0	0	0	0	0	0	0	0	0	0		0	0	0	0	0	0	0	0	0	0	0		0	0	0	0	0	0	0	0	0	0	0		0	0	0	0	0	0	0	0	0	0	0		0	0	0	0	0	0	0	0	0	0	0		0	1
Zeiger26	0	0	0	0	0	0	0	0	0	0		0	0	0	0	0	0	0	0	0	0	0		0	0	0	0	0	0	0	0	0	0	0		0	0	0	0	0	0	0	0	0	0	0		0	0	0	0	0	0	0	0	0	0	0		0	0	0	0	0	0	0	0	0	0	0		1	1	0	0	0	0	0	0	0	0	0		1	1	0	0	0	0	0	0	0	0	0		0	0	0	0	0	0	0	0	0	0	0		0	1	0	0	0	0	0	0	0	0	0		0	1	0	0	0	0	0	0	0	0	0		0	0	0	0	0	0	0	0	0	0	0		0	0	0	0	0	0	0	0	0	0	0		0	0	0	0	0	0	0	0	0	0	0		0	0	0	0	0	0	0	0	0	0	0		0	0	0	0	0	0	0	0	0	0	0		0	0	0	0	0	0	0	0	0	0	0		0	0	0	0	0	0	0	0	0	0	0		0	0	0	0	0	0	0	0	0	0	0		0	0	0	0	0	0	0	0	0	0	0		0	0	0	0	0	0	0	0	0	0	0		0	0	0	0	0	0	0	0	0	0	0		0	0	0	0	0	0	0	0	0	0	0		0	1	0	0	0	0	0	0	0	0	0		0	0	0	0	0	0	0	0	0	0	0		0	0	0	0	0	0	0	0	0	0	0		0	0	0	0	0	0	0	0	0	0	0		0	0	0	0	0	0	0	0	0	0	0		0	0	0	0	0	0	0	0	0	0	0		0	1
Zeiger28	0	0	0	0	0	0	0	0	0	0		0	0	0	0	0	0	0	0	0	0	0		0	0	0	0	0	0	0	0	0	0	0		0	0	0	0	0	0	0	0	0	0	0		0	0	0	0	0	0	0	0	0	0	0		0	1	0	0	0	0	0	0	0	0	0		1	1	0	0	0	0	0	0	0	0	0		1	1	0	0	0	0	0	0	0	0	0		0	0	0	0	0	0	0	0	0	0	0		0	1	0	0	0	0	0	0	0	0	0		0	1	0	0	0	0	0	0	0	0	0		1	0	0	0	0	0	0	0	0	0	0		0	0	0	0	0	0	0	0	0	0	0		0	0	0	0	0	0	0	0	0	0	0		0	0	0	0	0	0	0	0	0	0	0		0	0	0	0	0	0	0	0	0	0	0		0	0	0	0	0	0	0	0	0	0	0		0	0	0	0	0	0	0	0	0	0	0		0	0	0	0	0	0	0	0	0	0	0		0	0	0	0	0	0	0	0	0	0	0		0	0	0	0	0	0	0	0	0	0	0		0	0	0	0	0	0	0	0	0	0	0		0	0	0	0	0	0	0	0	0	0	0		0	0	0	0	0	0	0	0	0	0	0		1	0	0	0	0	0	0	0	0	0	0		0	0	0	0	0	0	0	0	0	0	0		0	0	0	0	0	0	0	0	0	0	0		0	0	0	0	0	0	0	0	0	0	0		0	0	0	0	0	0	0	0	0	0	0		0	1
Zeiger29	0	0	0	0	0	0	0	0	0	0		0	0	0	0	0	0	0	0	0	0	0		0	0	0	0	0	0	0	0	0	0	0		0	0	0	0	0	0	0	0	0	0	0		0	0	0	0	0	0	0	0	0	0	0		0	1	0	0	0	0	0	0	0	0	0		0	1	0	0	0	0	0	0	0	0	0		1	1	0	0	0	0	0	0	0	0	0		0	0	0	0	0	0	0	0	0	0	0		0	1	0	0	0	0	0	0	0	0	0		1	1	0	0	0	0	0	0	0	0	0		0	0	0	0	0	0	0	0	0	0	0		0	0	0	0	0	0	0	0	0	0	0		0	0	0	0	0	0	0	0	0	0	0		0	0	0	0	0	0	0	0	0	0	0		0	0	0	0	0	0	0	0	0	0	0		0	0	0	0	0	0	0	0	0	0	0		0	0	0	0	0	0	0	0	0	0	0		0	0	0	0	0	0	0	0	0	0	0		0	0	0	0	0	0	0	0	0	0	0		0	0	0	0	0	0	0	0	0	0	0		0	0	0	0	0	0	0	0	0	0	0		0	0	0	0	0	0	0	0	0	0	0		0	1	0	0	0	0	0	0	0	0	0		0	0	0	0	0	0	0	0	0	0	0		0	0	0	0	0	0	0	0	0	0	0		0	0	0	0	0	0	0	0	0	0	0		0	0	0	0	0	0	0	0	0	0	0		0	0	0	0	0	0	0	0	0	0	0		0	1
acetylpromazine	0	0	0	0	0	0	0	0	0	0		0	0	0	0	0	0	0	0	0	0	0		0	0	0	0	0	0	0	0	0	0	0		0	0	0	0	0	0	0	0	0	0	0		0	0	0	0	0	0	0	0	0	0	0		0	0	0	0	0	0	0	0	0	0	0		0	0	0	0	0	0	0	0	0	0	0		1	0	0	0	0	0	0	0	0	0	0		0	0	0	0	0	0	0	0	0	0	0		0	0	0	0	0	0	0	0	0	0	0		0	0	0	0	0	0	0	0	0	0	0		1	0	0	0	0	0	0	0	0	0	0		0	0	0	0	0	0	0	0	0	0	0		0	0	0	0	0	0	0	0	0	0	0		0	0	0	0	0	0	0	0	0	0	0		0	0	0	0	0	0	0	0	0	0	0		0	0	0	0	0	0	0	0	0	0	0		0	0	0	0	0	0	0	0	0	0	0		0	0	0	0	0	0	0	0	0	0	0		0	0	0	0	0	0	0	0	0	0	0		0	0	0	0	0	0	0	0	0	0	0		0	0	0	0	0	0	0	0	0	0	0		0	0	0	0	0	0	0	0	0	0	0		1	0	0	0	0	0	0	0	0	0	0		1	0	0	0	0	0	0	0	0	0	0		0	0	0	0	0	0	0	0	0	0	0		0	0	0	0	0	0	0	0	0	0	0		0	0	0	0	0	0	0	0	0	0	0		0	0	0	0	0	0	0	0	0	0	0		0	1
rbt550	0	0	0	0	0	0	0	0	0	0		0	0	0	0	0	0	0	0	0	0	0		0	0	0	0	0	0	0	0	0	0	0		0	0	0	0	0	0	0	0	0	0	0		0	0	0	0	0	0	0	0	0	0	0		0	1	0	0	0	0	0	0	0	0	0		1	1	0	0	0	0	1	0	0	0	0		1	0	0	0	0	0	0	0	0	0	0		0	0	0	0	0	0	0	0	0	0	0		0	1	0	0	0	0	1	0	0	0	0		1	0	0	0	0	0	0	0	0	0	0		1	0	0	0	0	0	0	0	0	0	0		0	0	0	0	0	0	0	0	0	0	0		0	0	0	0	0	0	0	0	0	0	0		0	0	0	0	0	0	0	0	0	0	0		0	0	0	0	0	0	0	0	0	0	0		0	0	0	0	0	0	0	0	0	0	0		0	0	0	0	0	0	0	0	0	0	0		0	0	0	0	0	0	0	0	0	0	0		0	0	0	0	0	0	0	0	0	0	0		0	0	0	0	0	0	0	0	0	0	0		0	0	0	0	0	0	0	0	0	0	0		0	1	0	0	0	0	0	0	0	0	0		1	1	0	0	0	0	0	0	0	0	0		1	0	0	0	0	0	0	0	0	0	0		0	0	0	0	0	0	0	0	0	0	0		0	0	0	0	0	0	0	0	0	0	0		0	0	0	0	0	0	0	0	0	0	0		0	0	0	0	0	0	0	0	0	0	0		0	1
