	rdock
Hydrogen Bonds:17:B	0.0
Halogen Bonds:17:B	0.0
Cation-Anion:17:B	0.0
Pi-Cation:17:B	0.0
Pi-Anion:17:B	0.0
Pi-Stacking:17:B	0.0
Mg-mediated:17:B	0.0
K-mediated:17:B	0.0
Na-mediated:17:B	0.0
Other ion-mediated:17:B	0.0
Water-mediated:17:B	
Lipophilic:17:B	0.0
Hydrogen Bonds:18:B	0.0
Halogen Bonds:18:B	0.0
Cation-Anion:18:B	0.0
Pi-Cation:18:B	0.0
Pi-Anion:18:B	0.0
Pi-Stacking:18:B	0.0
Mg-mediated:18:B	0.0
K-mediated:18:B	0.0
Na-mediated:18:B	0.0
Other ion-mediated:18:B	0.0
Water-mediated:18:B	
Lipophilic:18:B	0.0
Hydrogen Bonds:19:B	0.0
Halogen Bonds:19:B	0.0
Cation-Anion:19:B	0.0
Pi-Cation:19:B	0.0
Pi-Anion:19:B	0.0
Pi-Stacking:19:B	0.0
Mg-mediated:19:B	0.0
K-mediated:19:B	0.0
Na-mediated:19:B	0.0
Other ion-mediated:19:B	0.0
Water-mediated:19:B	
Lipophilic:19:B	0.0
Hydrogen Bonds:20:B	0.002
Halogen Bonds:20:B	0.0
Cation-Anion:20:B	0.0
Pi-Cation:20:B	0.003
Pi-Anion:20:B	0.0
Pi-Stacking:20:B	0.0
Mg-mediated:20:B	0.0
K-mediated:20:B	0.0
Na-mediated:20:B	0.0
Other ion-mediated:20:B	0.0
Water-mediated:20:B	
Lipophilic:20:B	0.003
Hydrogen Bonds:21:B	0.063
Halogen Bonds:21:B	0.004
Cation-Anion:21:B	0.024
Pi-Cation:21:B	0.012
Pi-Anion:21:B	0.004
Pi-Stacking:21:B	0.009
Mg-mediated:21:B	0.0
K-mediated:21:B	0.0
Na-mediated:21:B	0.0
Other ion-mediated:21:B	0.0
Water-mediated:21:B	
Lipophilic:21:B	0.108
Hydrogen Bonds:22:B	0.848
Halogen Bonds:22:B	0.005
Cation-Anion:22:B	0.055
Pi-Cation:22:B	0.124
Pi-Anion:22:B	0.031
Pi-Stacking:22:B	0.067
Mg-mediated:22:B	0.0
K-mediated:22:B	0.0
Na-mediated:22:B	0.0
Other ion-mediated:22:B	0.0
Water-mediated:22:B	
Lipophilic:22:B	0.965
Hydrogen Bonds:23:B	0.962
Halogen Bonds:23:B	0.009
Cation-Anion:23:B	0.007
Pi-Cation:23:B	0.007
Pi-Anion:23:B	0.009
Pi-Stacking:23:B	0.044
Mg-mediated:23:B	0.0
K-mediated:23:B	0.0
Na-mediated:23:B	0.0
Other ion-mediated:23:B	0.0
Water-mediated:23:B	
Lipophilic:23:B	0.897
Hydrogen Bonds:24:B	0.545
Halogen Bonds:24:B	0.007
Cation-Anion:24:B	0.289
Pi-Cation:24:B	0.0
Pi-Anion:24:B	0.013
Pi-Stacking:24:B	0.0
Mg-mediated:24:B	0.0
K-mediated:24:B	0.0
Na-mediated:24:B	0.0
Other ion-mediated:24:B	0.0
Water-mediated:24:B	
Lipophilic:24:B	0.017
Hydrogen Bonds:25:B	0.0
Halogen Bonds:25:B	0.0
Cation-Anion:25:B	0.0
Pi-Cation:25:B	0.0
Pi-Anion:25:B	0.0
Pi-Stacking:25:B	0.0
Mg-mediated:25:B	0.0
K-mediated:25:B	0.0
Na-mediated:25:B	0.0
Other ion-mediated:25:B	0.0
Water-mediated:25:B	
Lipophilic:25:B	0.0
Hydrogen Bonds:26:B	0.955
Halogen Bonds:26:B	0.005
Cation-Anion:26:B	0.013
Pi-Cation:26:B	0.054
Pi-Anion:26:B	0.017
Pi-Stacking:26:B	0.17
Mg-mediated:26:B	0.0
K-mediated:26:B	0.0
Na-mediated:26:B	0.0
Other ion-mediated:26:B	0.0
Water-mediated:26:B	
Lipophilic:26:B	0.927
Hydrogen Bonds:27:B	0.657
Halogen Bonds:27:B	0.006
Cation-Anion:27:B	0.0
Pi-Cation:27:B	0.084
Pi-Anion:27:B	0.021
Pi-Stacking:27:B	0.108
Mg-mediated:27:B	0.0
K-mediated:27:B	0.0
Na-mediated:27:B	0.0
Other ion-mediated:27:B	0.0
Water-mediated:27:B	
Lipophilic:27:B	0.637
Hydrogen Bonds:28:B	0.0
Halogen Bonds:28:B	0.0
Cation-Anion:28:B	0.0
Pi-Cation:28:B	0.0
Pi-Anion:28:B	0.0
Pi-Stacking:28:B	0.0
Mg-mediated:28:B	0.0
K-mediated:28:B	0.0
Na-mediated:28:B	0.0
Other ion-mediated:28:B	0.0
Water-mediated:28:B	
Lipophilic:28:B	0.0
Hydrogen Bonds:29:B	0.0
Halogen Bonds:29:B	0.0
Cation-Anion:29:B	0.0
Pi-Cation:29:B	0.0
Pi-Anion:29:B	0.0
Pi-Stacking:29:B	0.0
Mg-mediated:29:B	0.0
K-mediated:29:B	0.0
Na-mediated:29:B	0.0
Other ion-mediated:29:B	0.0
Water-mediated:29:B	
Lipophilic:29:B	0.0
Hydrogen Bonds:30:B	0.0
Halogen Bonds:30:B	0.0
Cation-Anion:30:B	0.0
Pi-Cation:30:B	0.0
Pi-Anion:30:B	0.0
Pi-Stacking:30:B	0.0
Mg-mediated:30:B	0.0
K-mediated:30:B	0.0
Na-mediated:30:B	0.0
Other ion-mediated:30:B	0.0
Water-mediated:30:B	
Lipophilic:30:B	0.0
Hydrogen Bonds:31:B	0.0
Halogen Bonds:31:B	0.0
Cation-Anion:31:B	0.0
Pi-Cation:31:B	0.0
Pi-Anion:31:B	0.0
Pi-Stacking:31:B	0.0
Mg-mediated:31:B	0.0
K-mediated:31:B	0.0
Na-mediated:31:B	0.0
Other ion-mediated:31:B	0.0
Water-mediated:31:B	
Lipophilic:31:B	0.0
Hydrogen Bonds:32:B	0.0
Halogen Bonds:32:B	0.0
Cation-Anion:32:B	0.0
Pi-Cation:32:B	0.0
Pi-Anion:32:B	0.0
Pi-Stacking:32:B	0.0
Mg-mediated:32:B	0.0
K-mediated:32:B	0.0
Na-mediated:32:B	0.0
Other ion-mediated:32:B	0.0
Water-mediated:32:B	
Lipophilic:32:B	0.0
Hydrogen Bonds:33:B	0.0
Halogen Bonds:33:B	0.0
Cation-Anion:33:B	0.0
Pi-Cation:33:B	0.0
Pi-Anion:33:B	0.0
Pi-Stacking:33:B	0.0
Mg-mediated:33:B	0.0
K-mediated:33:B	0.0
Na-mediated:33:B	0.0
Other ion-mediated:33:B	0.0
Water-mediated:33:B	
Lipophilic:33:B	0.0
Hydrogen Bonds:34:B	0.0
Halogen Bonds:34:B	0.0
Cation-Anion:34:B	0.0
Pi-Cation:34:B	0.0
Pi-Anion:34:B	0.0
Pi-Stacking:34:B	0.0
Mg-mediated:34:B	0.0
K-mediated:34:B	0.0
Na-mediated:34:B	0.0
Other ion-mediated:34:B	0.0
Water-mediated:34:B	
Lipophilic:34:B	0.0
Hydrogen Bonds:35:B	0.0
Halogen Bonds:35:B	0.0
Cation-Anion:35:B	0.0
Pi-Cation:35:B	0.0
Pi-Anion:35:B	0.0
Pi-Stacking:35:B	0.0
Mg-mediated:35:B	0.0
K-mediated:35:B	0.0
Na-mediated:35:B	0.0
Other ion-mediated:35:B	0.0
Water-mediated:35:B	
Lipophilic:35:B	0.0
Hydrogen Bonds:36:B	0.0
Halogen Bonds:36:B	0.0
Cation-Anion:36:B	0.0
Pi-Cation:36:B	0.0
Pi-Anion:36:B	0.0
Pi-Stacking:36:B	0.0
Mg-mediated:36:B	0.0
K-mediated:36:B	0.0
Na-mediated:36:B	0.0
Other ion-mediated:36:B	0.0
Water-mediated:36:B	
Lipophilic:36:B	0.0
Hydrogen Bonds:37:B	0.0
Halogen Bonds:37:B	0.0
Cation-Anion:37:B	0.0
Pi-Cation:37:B	0.0
Pi-Anion:37:B	0.0
Pi-Stacking:37:B	0.0
Mg-mediated:37:B	0.0
K-mediated:37:B	0.0
Na-mediated:37:B	0.0
Other ion-mediated:37:B	0.0
Water-mediated:37:B	
Lipophilic:37:B	0.0
Hydrogen Bonds:38:B	0.001
Halogen Bonds:38:B	0.0
Cation-Anion:38:B	0.0
Pi-Cation:38:B	0.0
Pi-Anion:38:B	0.0
Pi-Stacking:38:B	0.0
Mg-mediated:38:B	0.0
K-mediated:38:B	0.0
Na-mediated:38:B	0.0
Other ion-mediated:38:B	0.0
Water-mediated:38:B	
Lipophilic:38:B	0.0
Hydrogen Bonds:39:B	0.475
Halogen Bonds:39:B	0.015
Cation-Anion:39:B	0.0
Pi-Cation:39:B	0.014
Pi-Anion:39:B	0.003
Pi-Stacking:39:B	0.033
Mg-mediated:39:B	0.0
K-mediated:39:B	0.0
Na-mediated:39:B	0.0
Other ion-mediated:39:B	0.0
Water-mediated:39:B	
Lipophilic:39:B	0.522
Hydrogen Bonds:40:B	0.569
Halogen Bonds:40:B	0.002
Cation-Anion:40:B	0.061
Pi-Cation:40:B	0.035
Pi-Anion:40:B	0.009
Pi-Stacking:40:B	0.04
Mg-mediated:40:B	0.0
K-mediated:40:B	0.0
Na-mediated:40:B	0.0
Other ion-mediated:40:B	0.0
Water-mediated:40:B	
Lipophilic:40:B	0.73
Hydrogen Bonds:41:B	0.021
Halogen Bonds:41:B	0.0
Cation-Anion:41:B	0.0
Pi-Cation:41:B	0.0
Pi-Anion:41:B	0.0
Pi-Stacking:41:B	0.0
Mg-mediated:41:B	0.0
K-mediated:41:B	0.0
Na-mediated:41:B	0.0
Other ion-mediated:41:B	0.0
Water-mediated:41:B	
Lipophilic:41:B	0.012
Hydrogen Bonds:42:B	0.0
Halogen Bonds:42:B	0.0
Cation-Anion:42:B	0.0
Pi-Cation:42:B	0.0
Pi-Anion:42:B	0.0
Pi-Stacking:42:B	0.0
Mg-mediated:42:B	0.0
K-mediated:42:B	0.0
Na-mediated:42:B	0.0
Other ion-mediated:42:B	0.0
Water-mediated:42:B	
Lipophilic:42:B	0.0
Hydrogen Bonds:43:B	0.0
Halogen Bonds:43:B	0.0
Cation-Anion:43:B	0.0
Pi-Cation:43:B	0.0
Pi-Anion:43:B	0.0
Pi-Stacking:43:B	0.0
Mg-mediated:43:B	0.0
K-mediated:43:B	0.0
Na-mediated:43:B	0.0
Other ion-mediated:43:B	0.0
Water-mediated:43:B	
Lipophilic:43:B	0.0
Hydrogen Bonds:44:B	0.0
Halogen Bonds:44:B	0.0
Cation-Anion:44:B	0.0
Pi-Cation:44:B	0.0
Pi-Anion:44:B	0.0
Pi-Stacking:44:B	0.0
Mg-mediated:44:B	0.0
K-mediated:44:B	0.0
Na-mediated:44:B	0.0
Other ion-mediated:44:B	0.0
Water-mediated:44:B	
Lipophilic:44:B	0.0
Hydrogen Bonds:45:B	0.0
Halogen Bonds:45:B	0.0
Cation-Anion:45:B	0.0
Pi-Cation:45:B	0.0
Pi-Anion:45:B	0.0
Pi-Stacking:45:B	0.0
Mg-mediated:45:B	0.0
K-mediated:45:B	0.0
Na-mediated:45:B	0.0
Other ion-mediated:45:B	0.0
Water-mediated:45:B	
Lipophilic:45:B	0.0
